id,title,genre_ids,poster_path
803796,Las guerreras k-pop,"[10751, 14, 10402, 35, 12, 16]",img_movies/swQRKmW7RLhncPYHvM0RHz8b7bT.jpg
1087192,Cómo entrenar a tu dragón,"[14, 10751, 28, 12]",img_movies/kjQXYc2Abhy3TBgAZGzJRhN1JaV.jpg
1175942,Los tipos malos 2,"[10751, 35, 80, 12, 16]",img_movies/mZmnKDhIS2yNmtfzde5vtdCYzBF.jpg
552524,Lilo y Stitch,"[10751, 878, 35, 12]",img_movies/4oLLOAT55JhAoe73VliaSKFvEEr.jpg
1022787,Elio,"[10751, 35, 12, 16, 878]",img_movies/fqF7z5A8kFIrNtSdpEfjE539fna.jpg
870360,El día que la Tierra explotó: Una película de los Looney Tunes,"[10751, 35, 12, 16, 878]",img_movies/xSd2zSbIIuyz6MYZmCXzeVvlxsz.jpg
1029575,Plan en familia,"[28, 35, 10751]",img_movies/7mEX07jWRYrjarW84sBeFghGMfa.jpg
1125257,Ponte en mi lugar de nuevo,"[35, 14, 10751]",img_movies/3XFHVy03Rkr7ITaznFTeVp8dMwL.jpg
974397,Una familia monstruosa,"[16, 10751, 14]",img_movies/pns4fLXmKjyMNVzgpBg0ZXFK3es.jpg
936108,Pitufos,"[16, 10751, 14]",img_movies/zBdQclxQnEDOhDOjkKgKPW6jEHh.jpg
1241982,Vaiana 2,"[10751, 35, 12, 16]",img_movies/bit1B5F7IQydiWqdwAAD8f9TkXs.jpg
950387,Una película de Minecraft,"[10751, 12, 35, 14, 28]",img_movies/rZYYmjgyF5UP1AVsvhzzDOFLCwG.jpg
1022789,Del revés 2 (Inside Out 2),"[16, 12, 35, 10751]",img_movies/lE3DCRI7bQgHSiIuEPcFiXpiuGV.jpg
939243,Sonic 3: La película,"[28, 878, 35, 10751]",img_movies/3aDWCRXLYOCuxjrjiPfLd79tcI6.jpg
9806,Los Increíbles,"[28, 12, 16, 10751]",img_movies/al1jusd4T7JPatZlj4BuYkDDOzr.jpg
411,"Las crónicas de Narnia: El león, la bruja y el armario","[12, 10751, 14]",img_movies/2Lv2wKf2YocOcRfzmvQYOUGRhFg.jpg
519182,Gru 4. Mi villano favorito,"[10751, 35, 16, 878]",img_movies/b6JX0fBne5yPFNBtdp4Imi3CpiE.jpg
1011985,Kung Fu Panda 4,"[16, 10751, 28, 35, 12, 14]",img_movies/7JspmokDnpm8SEg28wtstfGps0K.jpg
862,Toy Story,"[10751, 35, 16]",img_movies/y59d8PjuFSgJJN4VRS7jDoRgSM9.jpg
354912,Coco,"[10751, 16, 10402, 12]",img_movies/vwsFGblLYxWBNjg9pdWN1Mm5YfW.jpg
997892,Aventura en la isla,"[10751, 12, 53]",img_movies/dbWXeetP7S36oHvjuf9rByzTAdv.jpg
260513,Los Increíbles 2,"[28, 12, 16, 10751]",img_movies/bJjc0217DuipdwJ0wyi3I4j6soR.jpg
762509,Mufasa: El rey león,"[12, 10751, 16]",img_movies/dmw74cWIEKaEgl5Dv3kUTcCob6D.jpg
1084242,Zootrópolis 2,"[10751, 35, 80, 12, 16, 9648]",img_movies/l2YcvAeBxCyzYe2Qwo2LtjsUfPL.jpg
14836,Los mundos de Coraline,"[16, 10751, 14]",img_movies/xz1HjxeqpIACyPtJMqv33Z2RjRP.jpg
808,Shrek,"[16, 35, 14, 12, 10751]",img_movies/5G1RjHMSt7nYONqCqSwFlP87Ckk.jpg
1280282,La casa de muñecas de Gabby: La película,"[10751, 35, 12, 16]",img_movies/nFMNzuR6FzjSU2d4cilwPpYhQW6.jpg
1184918,Robot salvaje,"[16, 878, 10751]",img_movies/a0a7RC01aTa7pOnskgJb3mCD2Ba.jpg
129,El viaje de Chihiro,"[16, 10751, 14]",img_movies/laXrmaTRuroArSPfsGlvTbeWxVA.jpg
1314784,ഹൃദയപൂര്‍വ്വം,"[10749, 35, 18, 10751]",img_movies/3dQQ6AX0vNfuDfWzAvilDOjVz69.jpg
177572,Big Hero 6,"[12, 10751, 16, 28, 35]",img_movies/qVU0ag4i5BCmH5h4o04cdvUo0Zf.jpg
269149,Zootrópolis,"[16, 12, 10751, 35]",img_movies/i3WnZpJkQYXXbSGplEGmyoyeskM.jpg
823219,"Flow, un mundo que salvar","[16, 12, 14, 10751]",img_movies/337MqZW7xii2evUDVeaWXAtopff.jpg
447273,Blancanieves,"[10751, 14]",img_movies/sm91FNDF6OOKU4hT9BDW6EMoyDB.jpg
1515395,LEGO Princesas Disney: Villanos unidos,"[16, 35, 14, 12, 10751]",img_movies/12kNMnNioZYl7J6tg8xOh406bkg.jpg
332512,Fantasma (Ghost),"[10751, 35]",img_movies/3y2xCsLd9HUIO4lL1T3gIbMQDeG.jpg
2062,Ratatouille,"[16, 35, 10751, 14]",img_movies/nGUelOVetiRpY2wTBMHTbrTIGYC.jpg
9479,Pesadilla antes de Navidad,"[14, 16, 10751]",img_movies/pqFPpQ77VZ0moRgRRsxx7p39CS3.jpg
629542,Los tipos malos,"[10751, 35, 80, 12, 16, 28]",img_movies/czxHSOXyKd6zEvIOvUTxAwqOjcK.jpg
502356,Super Mario Bros: La película,"[10751, 35, 12, 16]",img_movies/zNKs1T0VZuJiVuhuL5GSCNkGdxf.jpg
150689,Cenicienta,"[10749, 14, 10751, 18]",img_movies/pEZPAykrk8ySdzjRSMfMrd0qtO0.jpg
150540,Del revés (Inside Out),"[16, 10751, 12, 18, 35]",img_movies/sG3bHZWCMOZwhUq71WbPG9Vrrwc.jpg
585,"Monstruos, S.A.","[16, 35, 10751]",img_movies/g3SgHEb5ej2MioGfYLrZVshF909.jpg
109445,Frozen: El reino del hielo,"[16, 10751, 12, 14]",img_movies/hAKhrHvzQDUHQP5zd5HFeqF2BCN.jpg
1287536,Dora y la búsqueda del Sol Dorado,"[10751, 35, 12]",img_movies/sVLSOnGfNXj7VVGBgOz5cNa0lDz.jpg
748783,Garfield: La película,"[10751, 35, 12, 16]",img_movies/tkdc73JiPVvzngSpbLEIfFNjll1.jpg
976573,Elemental,"[10751, 14, 35, 10749, 16]",img_movies/d79DeKDCgFOM23O8Dr6MELZVooY.jpg
863,Toy Story 2,"[16, 35, 10751]",img_movies/8OTDKkJv2jXg5ZHKazFxBAttKkR.jpg
9502,Kung Fu Panda,"[16, 10751, 35, 28, 12]",img_movies/zcORJ8s9zsBjvKxP0k4FASQSjpf.jpg
315162,El Gato con Botas: El último deseo,"[16, 12, 14, 35, 10751]",img_movies/b5Jb7GoQaqIXy4VEdnQa0UrQZI.jpg
8587,El rey león,"[10751, 16, 18, 12]",img_movies/b0MxU37dNmMwKtoPVYPKOZSIrIn.jpg
78080,Beethoven: Aventura de navidad,"[10751, 35, 14]",img_movies/y9lB7wV0TGsuKsDj3JrlgegyIdh.jpg
10193,Toy Story 3,"[16, 10751, 35]",img_movies/yBSISwqix2z0JiwIrM3r6fiI6Cm.jpg
928833,El inicio del mundo de Craig,"[16, 10751, 10770, 12, 35, 14]",img_movies/8bF2MyJ3Uap5112jOROdqVey8r3.jpg
10674,Mulán,"[16, 10751, 12]",img_movies/towmTJ0k29quKI9IDnOZKAAtQx.jpg
21542,El amor no cuesta nada,"[35, 18, 10751, 10749]",img_movies/3Lr5FSzeTno0Ybg9N8bpdXx6xOU.jpg
1484453,Snoopy presenta: Un musical veraniego,"[16, 10751]",img_movies/eyT7aMB6ljruoCaXzdtNYUEOmza.jpg
809,Shrek 2,"[16, 10751, 35, 14, 12, 10749]",img_movies/knRt4E8KyfwEv0SVu9LsLvD28IQ.jpg
38757,Enredados,"[16, 10751, 12]",img_movies/z5kvXWek4smCyeWBDJQkT5sLc9T.jpg
425,Ice Age: La edad de hielo,"[16, 35, 10751, 12]",img_movies/9rpdhn7p7mDZW2rUXsINf9c6sR5.jpg
270946,Los pingüinos de Madagascar,"[10751, 16, 12, 35]",img_movies/lEnUxCpQUyntm2eLBzCTv3bfplV.jpg
12155,Alicia en el País de las Maravillas,"[10751, 14, 12]",img_movies/lTL10rosTEhOZp8E3zoniXddyRC.jpg
10192,"Shrek, Felices para siempre","[35, 12, 14, 16, 10751]",img_movies/3MyKXb1ozCfq61tPNKpIggwvP6J.jpg
10191,Cómo entrenar a tu dragón,"[14, 12, 16, 10751]",img_movies/8ekxsUORMAsfmSc8GzHmG8gWPbp.jpg
810,Shrek tercero,"[14, 12, 16, 35, 10751]",img_movies/7sTwtmVPTX77CFOUXdwAM7lKtKL.jpg
82702,Cómo entrenar a tu dragón 2,"[14, 28, 12, 16, 35, 10751]",img_movies/bXcRw7FL8QzUZOvY2fZdwDv5ymQ.jpg
9732,El rey león 2: El tesoro de Simba,"[10751, 12, 16, 18]",img_movies/zdD5VcvTD43p048ueswYdgLJZh.jpg
49013,Cars 2,"[16, 10751, 12, 35]",img_movies/eQo1LQs5Vo9RHVHYUhNSfMZa3VB.jpg
527774,Raya y el último dragón,"[16, 10751, 14, 28, 12]",img_movies/hbjOtofNpvFvhzBUUoZGAjkjjsl.jpg
8392,Mi vecino Totoro,"[14, 16, 10751]",img_movies/uu6RaEAfkIQaolf20axWaRU4h3w.jpg
940551,Migración. Un viaje patas arriba,"[10751, 35, 12, 16]",img_movies/diEeiB2DmZZadHISkg24RO2n0rT.jpg
10681,WALL·E: Batallón de limpieza,"[16, 10751, 878]",img_movies/5CXpoYB2YAZRPBcv9pjkgR6tZ0X.jpg
1449951,Snow White,"[16, 10751, 14]",img_movies/pEK0Ir45l1e0QvpBTsCu0hVwTDm.jpg
10020,La bella y la bestia,"[10749, 10751, 16, 14]",img_movies/1FxMtEUc6DP1MXsTBftOFaoCVVO.jpg
11688,El emperador y sus locuras,"[12, 16, 35, 10751, 14]",img_movies/deHXdFwP071QCseVHdfpdteYojS.jpg
10198,Tiana y el sapo,"[16, 10749, 14, 10751]",img_movies/lSNqVycC40mujo0tiRZvp6Ef5qQ.jpg
15121,Sonrisas y lágrimas,"[18, 10751, 10402, 10749]",img_movies/3mYxH1mwSmNoyZF4xvDvcEpH18F.jpg
585083,Hotel Transilvania: Transformanía,"[16, 35, 10751, 12, 14]",img_movies/xNF8AxJc966FWk4SYqXxGHaZLHZ.jpg
20352,Gru. Mi villano favorito,"[10751, 35, 16]",img_movies/AsaaPLSfisdFDeasEd9r0GiZVss.jpg
666154,Kayara. La guerrera del imperio Inca,"[16, 12, 10751]",img_movies/A1DSh29atQjLZCVCddMyGw1mbM8.jpg
14160,Up,"[16, 35, 10751, 12]",img_movies/1N0LtzUueXrlnpL466jQBJ6iAuj.jpg
166428,Cómo entrenar a tu dragón 3,"[16, 10751, 12]",img_movies/rhnoAReqO3Xoe6GbJhT3409lnq8.jpg
438695,¡Canta! 2,"[10751, 35, 10402, 16]",img_movies/9iIDsw7RJHYU94z7k4mbYP5IlYT.jpg
11544,Lilo y Stitch,"[16, 10751, 35]",img_movies/9jrmKyhNGam2pj89bcxmhQzXCNo.jpg
953,Madagascar,"[10751, 16, 12, 35]",img_movies/zrV5GnfCcLWzyjrFgYTpjQPRMfl.jpg
8355,Ice Age 3: El origen de los dinosaurios,"[16, 35, 10751, 12]",img_movies/zufHIdp8szvgkt8VCnJEF2fo1tN.jpg
675353,Sonic 2: La película,"[28, 12, 10751, 35]",img_movies/sJiHVM0A3OXDVxl4Z6a7ihMPHfm.jpg
32657,Percy Jackson y el ladrón del rayo,"[12, 14, 10751]",img_movies/piKMSnCCT0oqLZ9GWAALXX9e1qh.jpg
118,Charlie y la fábrica de chocolate,"[12, 35, 10751, 14]",img_movies/voJEk0WNtrcawz2hN9AwdNbvhrp.jpg
698687,Transformers One,"[16, 878, 12, 10751]",img_movies/1jzVCZxBmgvpGILuEU8icfX77Io.jpg
947478,Diplodocus,"[16, 10751, 12, 14, 35]",img_movies/i4Kg6mP4RAcm70mbk8lLgkfnQmp.jpg
35,Los Simpson: La película,"[16, 35, 10751]",img_movies/d9wHkwF9ttnNKuOoEIStve32jEk.jpg
921655,El rescate de Ruby,"[10751, 18]",img_movies/3Lj8U4iOShgHY0A9QulBMx8NuOs.jpg
52611,El Ratón Pérez 2,"[16, 10751]",img_movies/3GQPIn1W4RQCkVWUMJzeZTiMgrF.jpg
568124,Encanto,"[16, 35, 10751, 14]",img_movies/d0ezQ1Jz0lpNsX1skEmIvqRL7mN.jpg
223402,Hokus pokus Albert Åberg,"[16, 10751]",img_movies/gGBqF6eyZQZbc8H2T9xCVRWEuuZ.jpg
38055,Megamind,"[16, 28, 35, 10751, 878]",img_movies/i8YhVqSx6QlqIAHJ60vEZzpiCfe.jpg
508947,Red,"[16, 10751, 35, 14]",img_movies/djM4COTksd5YRIdd9uEl8eA3iaa.jpg
10439,El retorno de las brujas,"[14, 35, 10751]",img_movies/hnRo1RB791GbpERgV7cnM2sek2V.jpg
12,Buscando a Nemo,"[16, 10751]",img_movies/jPhak722pNGxQIXSEfeWIUqBrO5.jpg
47296,Rainbow Brite y el ladrón de estrellas,"[16, 10751, 878, 14, 12]",img_movies/xkWcd5DQSob8P4chI02yPLe52jd.jpg
301528,Toy Story 4,"[10751, 35, 16]",img_movies/yF1vPDuHVrAUMX5dy1tVMbAjkEL.jpg
260514,Cars 3,"[10751, 35, 12, 16, 18]",img_movies/4tp9W3QAbQcpanBtBceZtHD10UT.jpg
102651,Maléfica,"[14, 12, 28, 10751, 10749]",img_movies/i8qn2A0Qfjj45EXlZVt92WnX7iH.jpg
76492,Hotel Transilvania,"[16, 35, 10751, 14]",img_movies/zvWlwBGQWuJ0wog65q1uS37BApC.jpg
454626,Sonic: La película,"[28, 878, 35, 10751]",img_movies/rK25c71fYVi0Bv7RrTChK7NAQjC.jpg
587301,Los profesores de Saint-Denis,"[18, 35, 10751]",img_movies/8DUfrmlyXofxXzJLLKWrDJEnape.jpg
17880,Mi mejor amigo,"[10751, 35, 18]",img_movies/wfJlioOs1DFu6O7aEsUnXkKaBN6.jpg
132601,The Reef 2: High Tide,"[16, 10751]",img_movies/3ZmLU8yQ7R63lmjImnJzItb0jM7.jpg
787699,Wonka,"[35, 10751, 14]",img_movies/6eHcR7zwvNSvkOl9jbctU0lvZQ1.jpg
920,Cars,"[16, 12, 35, 10751]",img_movies/lgBe9KD6DoLyQP28JZ6fSUGK8j0.jpg
893723,La Patrulla Canina: La superpelícula,"[10751, 35, 12, 16]",img_movies/74UljzdgFuYo0BqzuEO2s2azObe.jpg
1094473,"Bambi, una vida en el bosque","[99, 10751, 12]",img_movies/fvtIXQH4JcifptPe0J9GfLDIOAQ.jpg
857702,LEGO Star Wars Cuentos escalofriantes,"[16, 10751, 878, 35, 10770]",img_movies/bcPzH8PjdISs6yrqCIDEEPpRX7O.jpg
896536,La Leyenda de Ochi,"[10751, 14, 12]",img_movies/uyz9qcZdIrUqVrwly3KB5oPUKZO.jpg
926670,Henry Danger: La película,"[28, 35, 10751, 878]",img_movies/dTHEq2PIRAIq4COayxraiGiaajX.jpg
774370,Policán,"[10751, 35, 12, 16]",img_movies/fYrX4Xn8hIaIBx5p1HRFJ3uG7uH.jpg
404378,Un gato callejero llamado Bob,"[10751, 18]",img_movies/2UbeVhIHUVAkFJvHA94TwRCvRhs.jpg
330457,Frozen 2,"[10751, 16, 12, 35, 14]",img_movies/jnFCk7qGGWop2DgfnJXeKLZFuBq.jpg
46195,Río,"[16, 12, 35, 10751]",img_movies/ydExhIrbFvPedN9tSIHzzniU1Dd.jpg
1319969,Sketch. Cuidado con lo que dibujas,"[12, 14, 35, 10751]",img_movies/4zjK2DNOMaVT7kd6mYjqf56FIHr.jpg
62177,Indomable,"[16, 12, 35, 10751, 28, 14]",img_movies/eVt6IKkzKqNs80TX0JVan6sjH5Z.jpg
508883,El chico y la garza,"[16, 12, 14, 10751, 18]",img_movies/cUZop9T440Bx25P8Ptc0qXkLYEa.jpg
791155,El cuartel secreto,"[28, 12, 35, 878, 10751]",img_movies/hpH62pdEhkeXnbj4qchqz4QssuR.jpg
606856,Togo,"[12, 10751]",img_movies/921q4gPNN4J6UxvKaw6SCNBe3F8.jpg
1243341,Zombies 4: Un verano entre vampiros,"[10402, 12, 10749, 35, 10751]",img_movies/6EHx7lOm1jvNTr6lqRxiqmnFFDt.jpg
516729,Paddington: Aventura en la selva,"[10751, 35, 12, 9648]",img_movies/mlqvgdzoFkUULsQtXFkO7xHLFqF.jpg
12429,Ponyo en el acantilado,"[16, 14, 10751]",img_movies/zSbeQ5DQ2z4TKoazh1I613cNxj4.jpg
639720,Amigos imaginarios,"[35, 14, 10751]",img_movies/8RgGuC7w8JxhykauzTC4bwha1J8.jpg
447277,La sirenita,"[12, 10751, 14, 10749]",img_movies/mdszPVnIY7cWgbgJ8zbwu1PiU5V.jpg
321612,La bella y la bestia,"[10751, 14, 10749]",img_movies/2q38CCkPvhm8DVHazY9QLQtHQoO.jpg
93456,Gru 2. Mi villano favorito,"[16, 35, 10751]",img_movies/hhksXOBVJ6Mu2BwAFgPJwZxNisd.jpg
278154,Ice Age: El gran cataclismo,"[12, 16, 10751, 35, 878]",img_movies/vgxlqI40AUXmpBzcwlLsYZI5EcR.jpg
950,Ice Age 2: El deshielo,"[16, 10751, 35, 12]",img_movies/q3D7vBGrJVrVrZSJjVQN8lN0e6c.jpg
82690,¡Rompe Ralph!,"[10751, 16, 35, 12]",img_movies/lTpE4JQ2C09NicqvDhwi70IRz62.jpg
508442,Soul,"[16, 10751, 35, 14, 18]",img_movies/xJ7MCAy4oCLerPo3JjnB8lKOhl4.jpg
9820,Tú a Londres y yo a California,"[35, 10751, 10749]",img_movies/3JyIUavN6byTNKjWXupCCvRljRF.jpg
420818,El rey león,"[12, 18, 10751, 16]",img_movies/eGfq90BF8QGCMpncF2ag0lGTgKk.jpg
81188,El origen de los guardianes,"[16, 10751, 14, 28, 12]",img_movies/deTVL9lgx1yegoN4JXSdRcrVr6m.jpg
11224,La Cenicienta,"[10751, 14, 16, 10749]",img_movies/vqzeSm5Agvio7DahhKXaySUbUUW.jpg
438148,Minions: El origen de Gru,"[10751, 35, 12, 16]",img_movies/fzwG3cukayxKpCK0lqS1jkSBqJk.jpg
11011,Niño rico,"[35, 10751]",img_movies/mnp39mPqGiPTP8jZmfaKrVfalMi.jpg
198436,"Antboy, el pequeño gran superhéroe","[35, 12, 10751]",img_movies/db8a23rqcErLLuU3TG5gJJNJCPH.jpg
550084,Reunidos en Navidad,"[10751, 10770]",img_movies/6oA3qHkTFt64rH3RhE7YewuRIlo.jpg
13017,Tortuga contra Liebre,"[16, 10751, 35]",img_movies/3WwgKQEKKIthH3lzcvhApRV1s3U.jpg
9487,"Bichos, una aventura en miniatura","[10751, 16, 12, 35, 18]",img_movies/3zc9gBzw0egrp7lMrE0zqFkNMms.jpg
49444,Kung Fu Panda 2,"[16, 10751, 35]",img_movies/aNji9U9SPTecmoqGippQUBEyouy.jpg
38575,The Karate Kid,"[28, 12, 18, 10751]",img_movies/tHoASPhXRGJM6XFvDooJHIFcP3r.jpg
73723,Lorax. En busca de la trúfula perdida,"[16, 10751]",img_movies/b7FMtquHglzxIi938cHIgVQuPx5.jpg
10144,La sirenita,"[16, 10751, 14]",img_movies/Vc0KvO7z2OzEbRs6nyZs9xD81s.jpg
772,Solo en casa 2: Perdido en Nueva York,"[35, 10751, 12]",img_movies/7sdiRUyc0ANHJptPhsgb1KL6hoq.jpg
44683,Campanilla y el gran rescate,"[16, 12, 10751, 14]",img_movies/AmUOjwjgz1vGnAmnR51NVv0hqAe.jpg
11836,Bob Esponja: La película,"[10751, 35, 12, 16]",img_movies/CtISczftMz6g7kyk5uLxBben8b.jpg
459151,El bebé jefazo: Negocios de familia,"[16, 35, 12, 10751]",img_movies/6KRFqIAE5gz35b1kZoFcrqmfOj2.jpg
1084153,Sneaks,"[10751, 35, 12, 16]",img_movies/oayXSQHQRk8VNavoXJw7lK1N6aI.jpg
158852,Tomorrowland: El mundo del mañana,"[12, 10751, 9648, 878]",img_movies/go6qA8ksn5gkXcDnW3WtMeqzAg8.jpg
345938,La cabaña,"[18, 10751]",img_movies/d7qG9sdCTo3uBeWXpxKehplvr8B.jpg
21448,La navidad mágica de Mickey,"[16, 10751, 35]",img_movies/hwDIo4sYJXPN0LbQtYe0afMCxcE.jpg
10202,Más allá de los sueños,"[14, 35, 10751, 10749]",img_movies/5iq64cFqv2CCevuxlVIJjdvIAa5.jpg
508943,Luca,"[16, 35, 14, 12, 10751]",img_movies/pr06RihHOGE3waZQx5fs2WYUdwr.jpg
630,El mago de Oz,"[12, 14, 10751]",img_movies/ymUY2iIm8IuSYuIX1SsABgPyB48.jpg
16859,"Nicky, la aprendiz de bruja","[16, 10751, 18, 14]",img_movies/psw0tp25DNBkdEAfwjZYcgbpgme.jpg
292750,Las aventuras de Tim y Buck,"[10751, 12, 37]",img_movies/ogPDUh1Nt22IJrsK2P1dEzkFBZ3.jpg
518527,Meghan y Harry: Un Romance Real,"[10749, 10751, 10770]",img_movies/2ODzSaM8EKF28mGjNTH3ptb3BJu.jpg
10555,El espantatiburones,"[16, 28, 35, 10751]",img_movies/3vI17Q3mfkIEpvwItomxMy5w1gw.jpg
57800,Ice Age 4: La formación de los continentes,"[16, 35, 12, 10751]",img_movies/qYiZOCXkOYtYfolUUdJKoZ8xPsL.jpg
882206,LOL Surprise: La Película,"[16, 10751]",img_movies/cHbgXVQk2t1taAUFC4RoP2fL6po.jpg
1265,Un puente hacia Terabithia,"[12, 18, 10751]",img_movies/mL5Tpzxqr9hb5zwbnN3DRzVKyuY.jpg
140870,Minúsculos: El valle de las hormigas perdidas,"[16, 12, 10751]",img_movies/wISdgPE7KZ4xXdciDXr7K4sbx1E.jpg
335797,¡Canta!,"[10751, 35, 10402, 16]",img_movies/c76KUCWUqBDHFB9H5Yz9qCY9XBa.jpg
754272,Las aventuras de la Familia Fox,"[12, 10751]",img_movies/6ypM0AhARyw0CJ66qtAfVhgwXw0.jpg
15512,Monstruos contra alienígenas,"[16, 10751, 12, 878]",img_movies/pNRkYUevzL34QyeKRMe7MjvDj20.jpg
974262,Los descendientes: Corazón rebelde,"[14, 12, 10751, 35]",img_movies/57XarHzHxeDouUyjAb6BpVxIkC0.jpg
140300,Kung Fu Panda 3,"[16, 28, 12, 35, 10751]",img_movies/t11f8palNbICK9Ip5QLrUfhLJYq.jpg
324963,Monster High: Fantasmagóricas,"[16, 10751, 14]",img_movies/mOzpgvJ9Wo3Vczwh4b29JNylXZl.jpg
12092,Alicia en el País de las Maravillas,"[16, 10751, 14, 12]",img_movies/zOJKtTdToc8FcjmmbavkjUxv2Ue.jpg
9325,El libro de la selva,"[10751, 16, 12]",img_movies/1w8wk8htVPW5cdCYnRU4bt5y5Fw.jpg
1109207,Taz: búsqueda de hamburguesa,"[35, 10751, 16, 12]",img_movies/qS2KvIftgBf32ijeMuAwb6DbHkP.jpg
159824,Hotel Transilvania 2,"[16, 35, 10751, 14]",img_movies/ndYVcm1k3h81MRDhzZCI4SxDzGp.jpg
884625,A Slice of Chicago Romance,"[10770, 35, 10749, 10751]",img_movies/vMVQkHr5JkkZPcU8OOEJ6VcaLiy.jpg
417859,El gato con botas,"[16, 10751, 14, 12, 35, 28]",img_movies/1VmrC82zY4U33l9UHlZTWDB1asN.jpg
901362,Trolls 3: Todos juntos,"[16, 10751, 10402, 14, 35]",img_movies/saGpA6u71TPA8DyTYoAqSBGVZW.jpg
249391,La familia Munster: La película,"[27, 35, 10751, 10770]",img_movies/3AE7Me6nyWqmAlwwOhuFl5DzAQ0.jpg
20172,Sleeping Beauty,"[16, 10751, 14]",img_movies/iE7qBoW82qNgqnmnVlQXGLJeXJp.jpg
1100998,SuperKlaus,"[16, 35, 10751, 12]",img_movies/uUxQwTjKwXl1U8si5F6xlmf3XOk.jpg
10112,Los aristogatos,"[16, 35, 10751, 12]",img_movies/s9DsxlbVE1HvHnCz50GdHDBeZRy.jpg
1075794,Leo,"[16, 35, 10751]",img_movies/bx3nuzVSyDSrSj0HqE2SFvZEeKT.jpg
1241894,Woodwalkers,"[10751, 14]",img_movies/n84V8SLmc7242ltKRePD5uvP8Xb.jpg
11247,Una Cenicienta moderna,"[35, 10751, 10749]",img_movies/uNUvr2hPN6ZXvo8N7Cljqna7PmM.jpg
2454,Las crónicas de Narnia: El príncipe Caspian,"[12, 10751, 14]",img_movies/ccXSnN0bMBYc7Pno5chkpy7UYcq.jpg
1104845,"Plankton, la película","[10751, 35, 12, 16]",img_movies/fCvwQJVcbjNub2PiKzZmQXR7i1I.jpg
37108,Aventuras en la corte del rey Arturo,"[12, 14, 35, 10751]",img_movies/eSLk8wkuBF3epbEC8lwWXtK6saN.jpg
41513,Los pitufos,"[16, 10751, 12, 35, 14]",img_movies/ufpzGicM1hZQMzRzTRHAcIQXjXi.jpg
24272,Yosef y su Sorprendente Manto de Sueños en Tecnicolor,[10751],img_movies/dUdvCUFlez1puCgzKFa5u4j5fTD.jpg
181533,Noche en el museo: El secreto del faraón,"[12, 35, 14, 10751]",img_movies/5ljVIkHGMhQGx7YQKZLKBFn7DfD.jpg
408,Blancanieves y los siete enanitos,"[14, 16, 10751]",img_movies/b2ZPP3bZqDOzqTHr1TlFIFPWP48.jpg
241259,Alicia a través del espejo,"[12, 10751, 14]",img_movies/enTsjngbsWuf1JB6YoYOOd67GdE.jpg
9297,Monster House,"[16, 35, 10751, 14]",img_movies/AiwWH826I8a1dYTRMDFZEXsw9E3.jpg
531219,Las brujas (de Roald Dahl),"[35, 14, 10751, 27]",img_movies/s1y92244iBlKW04rEnaEK8i8tPY.jpg
1593,Noche en el museo,"[28, 12, 35, 10751, 14]",img_movies/1Esw7HZUmHzDeJIZq4ZmTZrhunT.jpg
774127,Roald y Beatrix: La Cola del raton Curioso,"[10751, 18]",img_movies/qttUiMGevgu4y3E6nG4bxXR2Acr.jpg
774825,Ice Age: Las aventuras de Buck,"[16, 35, 10751, 12]",img_movies/iDah4ZcDX3F316LcLlmNNAzsRqF.jpg
601,E.T. el extraterrestre,"[878, 12, 10751, 14]",img_movies/4kixNqJAu7hWpZOnOsznL7YPuuQ.jpg
496450,Prodigiosa: Las aventuras de Ladybug - La película,"[16, 14, 28, 10749, 10751]",img_movies/fJQB1CAKZOiBNZLd4RBXvg35aaB.jpg
11970,Hércules,"[16, 10751, 14, 12, 35, 10749]",img_movies/iwjP7ImLzXZjKHnCUChJThEtNJG.jpg
10009,Hermano oso,"[12, 16, 10751]",img_movies/1XwOQNSby3HZfKMZcY7rtZw4KR.jpg
826510,Harold y el lápiz mágico,"[10751, 35, 12, 14]",img_movies/1LRmVHwhH4bCyMHHgz3ZZdqu7lO.jpg
10330,Ponte en mi lugar,"[10751, 14, 35]",img_movies/qKgEjYsx6q2cTL5yVVUyWPNlR8v.jpg
11888,Aventuras en Alaska,"[35, 10751, 12]",img_movies/CqFvnM1hiAOXLnMnJYDYlvrknV.jpg
57737,Barbie: El secreto de las hadas,"[16, 10751, 14]",img_movies/gWLvz00qL5GXFsPqB3rl7ysYB5j.jpg
9023,Spirit: El corcel indomable,"[16, 12, 10751, 18, 37, 10749]",img_movies/gNRQdU3KEsYTIl4y9Xte3onUSsx.jpg
4523,Encantada: La historia de Giselle,"[35, 10751, 14, 10749]",img_movies/hKGfd8Zl7fyYCsVhhfTELtaepWE.jpg
360920,El Grinch,"[10751, 35, 16]",img_movies/o3b6DOiePNlNOiqLCzCvqvDvHpL.jpg
62211,Monstruos University,"[16, 10751]",img_movies/fDwaVE6Ab1WGnzNEV4Irrtmbdsm.jpg
2274,Los seis signos de la luz,"[12, 18, 14, 10751, 53]",img_movies/rtxlwILUPl7qt4FmIMGoKKTOVCh.jpg
9880,Princesa por sorpresa,"[35, 10751, 10749]",img_movies/s4DYhsEnziYlJy91bbxv1ZhTJFG.jpg
589018,Salvajes,"[12, 16, 18, 10751]",img_movies/reiMKMAnOF68EF8f8ai8YrScqdb.jpg
70468,Child Star: The Shirley Temple Story,"[18, 10751]",img_movies/e0ZIx4fzCP9lKeqxUseOk8K4i8D.jpg
77174,El alucinante mundo de Norman,"[10751, 16, 12, 35]",img_movies/8Qytp5pgTMXuU4UqtufVIXqxQVx.jpg
65156,The North Avenue Irregulars,"[10751, 28, 35, 80]",img_movies/gyEaTIil42yWyLoYVKzWJWzDN9J.jpg
37135,Tarzán,"[10751, 12, 16, 18]",img_movies/1Gk8iihu4Q4BGh2n1IwNLB3zM8E.jpg
188783,El león atareado,"[16, 10751, 35]",img_movies/nrFGKt6or7ZedgWUff5OoHGcNLF.jpg
18943,Ernest Va a la Cárcel,"[35, 10751, 80]",img_movies/w1k8SgODFQOk9wHjX4mi8QdkYAO.jpg
105864,El viaje de Arlo,"[12, 16, 10751]",img_movies/AdBRNzPeeQHujTug9y4vSbibWF8.jpg
10527,Madagascar 2,"[12, 16, 35, 10751]",img_movies/zYbvSjajQrb2jU9rUo5Mt06stPd.jpg
62527,Johnny Kapahala: Contracorriente 2,"[10751, 35, 18, 10770]",img_movies/90sepwEsOa39aMoZ1BYGgegF9QK.jpg
1048241,Juego de espías: La ciudad eterna,"[28, 35, 10751]",img_movies/ghlwOez45gndnAp3aPMzg5kxMjp.jpg
420817,Aladdín,"[12, 14, 10749, 10751]",img_movies/trnyoKkkvvjZvRvCMrNDtSf25nH.jpg
410284,Annabelle Hooper and the Ghosts of Nantucket,"[10770, 9648, 10751]",img_movies/ctZeZUrlS1Tt6nH1jEcHA5UAk64.jpg
404851,The 3 Tails : A Mermaid Adventure,"[10751, 12, 14]",img_movies/tjLgbRafhj60sqSqBnIStfeFeHT.jpg
5255,Polar Express,"[16, 12, 10751, 14]",img_movies/ja6QGEUkP8t3wjjoHYvpRStomlT.jpg
676685,Misión Panda en África,"[16, 12, 35, 10751]",img_movies/as0XCcMj7ECygru2xS88PWc6C6W.jpg
220980,La Navidad vuelve a Canaan,"[18, 10751, 10770]",img_movies/llycTLvu6R9ALZ5pHXQGJxMl8aQ.jpg
1046032,Los tipos malos: Una navidad muy mala,"[16, 35, 10751, 28]",img_movies/zRFEchHTrreuJdAZUgmwOz22RbC.jpg
325813,Clonando a Adam,"[35, 10751, 878, 10770]",img_movies/Ak40eOsh7MK466eJmoIUMwNEWON.jpg
1022796,Wish: El poder de los deseos,"[16, 10751, 14, 12]",img_movies/1VXMrUioKfPAPSsezHKexx77Dbz.jpg
1053812,Thomas & Friends: The Mystery of Lookout Mountain,"[16, 10751, 12]",img_movies/y54q8Dpa2Z1qC1SGF2aDodo4Kyl.jpg
10515,El castillo en el cielo,"[12, 14, 16, 28, 10751]",img_movies/6EkloGi5FUtPLZl5NtGvVGIfX0B.jpg
1147400,"Miraculous World: París, las aventuras de Shadybug y Claw Noir","[16, 28, 14, 10751, 10770]",img_movies/A7YDBDf9z1jvORT3omeD01Ez47S.jpg
518514,Una aventura africana,"[12, 18, 10751]",img_movies/dCRT8Gs0QrZpS1PwPB9QSQXQcpm.jpg
518514,Una aventura africana,"[12, 18, 10751]",img_movies/dCRT8Gs0QrZpS1PwPB9QSQXQcpm.jpg
481084,La familia Addams,"[10751, 16, 35, 14]",img_movies/307Y96L1iJ6gujCfuGPWNTqgbBd.jpg
10340,La dama y el vagabundo,"[10751, 16, 10749]",img_movies/vHbizQYlkL8MwtOdsdWaPuR5N5w.jpg
10693,Peter Pan,"[16, 10751, 12, 14]",img_movies/tDvGRWSdqT31ADijJf9OhbTbQ77.jpg
427004,Buscando a Dory: Entrevistas a Vida Marina,"[16, 10751, 35]",img_movies/nKTFsng12wXI75c84WFKnDHQ2Qa.jpg
40611,"The Lion, the Witch and the Wardrobe","[16, 10751, 10770, 14, 12]",img_movies/5ebzw3VOkceR4gq9w3ZQ5nptOS4.jpg
812,Aladdin,"[16, 10751, 12, 14, 10749]",img_movies/5ALwczKzFxbsiMDlHuy7aREDCzr.jpg
22794,Lluvia de albóndigas,"[16, 35, 10751]",img_movies/cMs3pxK1xjse7fJooGZsWAlrk6Q.jpg
8839,Casper,"[14, 35, 10751]",img_movies/2ah8fNJFZVU3vcXhU5xfAYi2eym.jpg
2758,La familia Addams: La tradición continúa,"[35, 10751, 14]",img_movies/3ZcXBJq9DRxEXHEtgZTiwBERqW4.jpg
9994,"Basil, el ratón superdetective","[16, 10751, 12, 9648]",img_movies/osNTFX6TRPCXbujQJWyXc912DgE.jpg
1328913,Padre no hay más que uno 5: Nido repleto,"[35, 10751]",img_movies/byVPxBi6LdH5rpCKlz2Fh4EsTzX.jpg
42622,El valle del arco iris,"[14, 10749, 10751]",img_movies/msH0uF55BP3IUSn7Qo1KlwYCUc1.jpg
10315,Fantástico Sr. Fox,"[12, 16, 35, 10751]",img_movies/2B2IcoSMpOa64Yw8DDtGzXdS4vl.jpg
10895,Pinocho,"[16, 10751, 14]",img_movies/sAluF7lNc4Mv3qxx1mmOgsfbr0C.jpg
642885,El retorno de las brujas 2,"[14, 35, 10751]",img_movies/gbbZNVuGSD6cPGZ4sfcrA59EKNY.jpg
9016,El planeta del tesoro,"[878, 12, 16, 10751, 14]",img_movies/cwwRIK1V1R6QQKromGi0OaJLD8l.jpg
25475,Campanilla y el tesoro perdido,"[16, 10751, 12, 14]",img_movies/s5ggvZQMXhP3O2dQD8iQE46K6b6.jpg
13225,FernGully. Las aventuras de Zak y Crysta,"[10751, 14, 16, 12]",img_movies/sHakz2SbppBNGB3TdvhfcAh1TCw.jpg
172385,Río 2,"[16, 12, 35, 10751]",img_movies/xx1k3kCfIs95eAMa1pglXv74cRp.jpg
24554,En busca del valle encantado X: El viaje de los Cuellilargos,"[16, 12, 10751]",img_movies/8pE1rOeUyQYwvIIXGwCXZOo18Go.jpg
44896,Rango,"[16, 35, 10751, 37, 12]",img_movies/99Dpm7Ep8OelbNyEVBlln50EHGj.jpg
877269,Mundo extraño,"[16, 10751, 12, 878, 14]",img_movies/c16eybXiG9ysoTu7yV460w0Jj43.jpg
43869,La mascota del regimiento,"[12, 10751]",img_movies/zpCZvLxpgJFzuClBdy6NcdsxCZn.jpg
80321,Madagascar 3: De marcha por Europa,"[16, 10751, 35, 12]",img_movies/8fKTIecTVNURB6CRFjYMypggRL2.jpg
297270,Campanilla y la leyenda de la bestia,"[12, 16, 10751]",img_movies/14Yjf8xW2uWkZ3ZhagbrKMXbe70.jpg
8981,Mi querido Frankie,"[18, 10751]",img_movies/5YRDvaBWBbhTKBYYc7BoOWdW01N.jpg
520758,Chicken Run: Amanecer de los nuggets,"[10751, 16, 12, 35]",img_movies/xPQeZUdUIsjbbXVjm69owPdSqTG.jpg
732670,LEGO Star Wars: Especial Felices Fiestas,"[16, 10751, 878, 12, 35, 10770]",img_movies/ApYuiyKtkyA1SMC6UgvKZczPwUj.jpg
11360,Dumbo,"[16, 10751]",img_movies/xXBX2G5dc2WUZslcWuAXYKvYKoI.jpg
9992,Arthur y los Minimoys,"[12, 14, 16, 10751]",img_movies/uOsgh66VTfsXtp7WWL87zZGsZlP.jpg
8871,El Grinch,"[10751, 35]",img_movies/dj6U3KbuwcjMuDir1bUHp0yDcuB.jpg
5559,Bee Movie,"[10751, 16, 12, 35]",img_movies/AiaVAIc9KsYsNkAFNGiHtmmoZ2d.jpg
10948,Tod y Toby,"[12, 16, 18, 10751]",img_movies/33jyy4W2usMrY796udOjcbMwput.jpg
10830,Matilda,"[35, 10751, 14]",img_movies/icsytUzUc9f97a9SdafFG0eqijR.jpg
11430,El rey león 3: Hakuna Matata,"[10751, 16, 35, 28]",img_movies/x2SAEOXURbKDgKfdHdZ49VhPGrB.jpg
522478,Peter Rabbit 2: A la fuga,"[10751, 35, 12, 16]",img_movies/7qb6u23jMucfMlJ4MCSFo8djka1.jpg
13499,"Míos, tuyos y nuestros","[35, 10751, 10749]",img_movies/pjrZSAKsnA7IlCOsVEZkntsNXqO.jpg
55567,Standing Ovation,"[35, 10402, 10751]",img_movies/tPd7dnvIgzkvM8XLyC4mQCq21T1.jpg
7518,Vecinos invasores,"[10751, 35, 16]",img_movies/5lHMB2jwlQV43RBfT5g3BRGN0Tm.jpg
412117,Mascotas 2,"[10751, 35, 12, 16]",img_movies/dqGsG2uNV9JGgrfODbTafPUukci.jpg
1112231,Peter & the Wolf,"[16, 12, 10751, 14]",img_movies/mZM8vI8VyWRAobI4gcCxMrtgRQl.jpg
420809,Maléfica: Maestra del mal,"[10751, 14, 12, 28]",img_movies/eZOkXqHXWCKytd78TggAtJ0M3gU.jpg
298115,Dragones: El origen de las carreras de dragones,"[16, 10751, 12, 35, 14]",img_movies/4f9DpOkD5Z0oT3qMfLOa1B2eaWO.jpg
88751,Viaje al centro de la Tierra,"[28, 878, 12, 35, 10751]",img_movies/uWWKeB6iPtn5PIckZK0L4yw3Fg2.jpg
6477,Alvin y las ardillas,"[35, 10751, 14]",img_movies/xpInKihOnJZ9QePD5letvwDV9W8.jpg
1014530,Eva y Beba: Condenadas a bailar,"[10751, 35]",img_movies/rX3COjgToe6KSJXLZRCAgvzP0mf.jpg
10022,Un canguro superduro,"[35, 10751, 28]",img_movies/s4Z4hf8L0P1fvGoQpfCFjP5oLid.jpg
137106,La LEGO película,"[16, 10751, 12, 35, 14]",img_movies/faKcUazMUagPhx9N3kKNaUCrES4.jpg
788,"Señora Doubtfire, papá de por vida","[35, 18, 10751]",img_movies/vC9ufyEuCbvojVvl9i6FXN3n06e.jpg
9837,El príncipe de Egipto,"[12, 16, 18, 10751]",img_movies/dyHNyqc9UBhfLZpFM8GTQ9z8AvV.jpg
28178,Siempre a tu lado,"[18, 10751]",img_movies/rLPMD8BOHjvvjjCX7BZQdqNWBm2.jpg
254230,Drylanders,"[18, 10751, 37]",img_movies/xr0r34mila1uOZQWkKLmgMoXNW6.jpg
639854,Las Hermanas Magicas,"[12, 35, 10751, 14]",img_movies/3puDk9b9OBAeoRNF3kq2qMuxwRF.jpg
593660,Mi hermano persigue dinosaurios,"[35, 10751]",img_movies/oDP3BRAV8OUgBkquxOe611tmdy1.jpg
9982,Chicken Little,"[16, 10751, 35]",img_movies/AsDUBjrECTVstxCSGvPbwpA0I0M.jpg
592983,Hechizados,"[16, 14, 10751, 12, 35]",img_movies/g4oArI4RmOnSDZzQbdbAm3yLNkC.jpg
73456,Barbie: Escuela de princesas,"[10751, 16, 14]",img_movies/qChFxsIJvwALomvWiVb3qUq0PIX.jpg
675445,La Patrulla Canina: La película,"[10751, 35, 12, 16]",img_movies/fOYt5TfJKHHz0hFY37kSXKvEdf7.jpg
718789,Lightyear,"[16, 878, 10751, 12]",img_movies/bPIm1SXYp5RQ3c4wP91JQRewIb8.jpg
14518,Pedro y El Lobo,"[16, 10751, 10402]",img_movies/jkJHVuvdzlL3KC8ehyemD3py6Eb.jpg
19165,En busca del valle encantado V: La isla misteriosa,"[16, 10751, 12]",img_movies/amNdOyHW9qFurPApnIwiV7LYlO8.jpg
829402,Ultraman: El ascenso,"[16, 878, 10751, 28]",img_movies/2D7SsqU8VZOl838KR7q9pzljaLe.jpg
12242,Mulán 2,"[16, 35, 10751, 28]",img_movies/lQbZiWh4ZDSd2co0FMz8U3LGvL7.jpg
16366,Joseph: Rey de los Sueños,"[10751, 16]",img_movies/A4Xa0kKzsGE8Tl6X2QARdhsAtUg.jpg
49519,Los Croods,"[16, 12, 10751, 35]",img_movies/3X3qtBTgKt5mCB30RJwbIjgjzdw.jpg
588648,Guardiana de dragones (Dragonkeeper),"[16, 10751, 28, 12, 14]",img_movies/rgBHNpiLZMPzFHyTJruQQ3IT7Lp.jpg
10386,El gigante de hierro,"[16, 10751, 878, 18]",img_movies/voPAzJFyopCnLEwaBWpoX8uDvGI.jpg
9408,Locos por el surf,"[16, 35, 10751]",img_movies/9pHrNZJFAGUxCWOzpqCz5nniUaa.jpg
11077,Este chico es un demonio,"[35, 10751]",img_movies/8wvEUjgtlKbrTJQG2xtzA7C4naE.jpg
38716,Rebecca of Sunnybrook Farm,"[18, 10751, 10402]",img_movies/9sm4ygPGxnOZkZV6214clSBrDUd.jpg
24478,Beethoven 4: Enredo en la familia,"[10751, 35]",img_movies/dvw8mJlEjxvBggoiAbiPkXfvbFO.jpg
71685,Xuxinha e Guto Contra os Monstros do Espaço,"[10751, 16]",img_movies/dsFX9e0bok1ozl2MonmQxWACZxK.jpg
55301,Alvin y las ardillas 3,"[35, 14, 10751, 10402, 16]",img_movies/ipy52l2X0sj5cLuuA6DggMdx8yW.jpg
353486,Jumanji: Bienvenidos a la jungla,"[12, 35, 14, 28, 10751]",img_movies/1uQaSgtHyTN3r2fecL0mSs6geQO.jpg
529203,Los Croods: Una nueva era,"[16, 10751, 12, 14, 35]",img_movies/5uMWKEmegf5aTJnp1u98JF4QerP.jpg
38782,The Wind in the Willows,"[14, 16, 10751, 12, 10770]",img_movies/Dgg7N0bukwmVJU2c1UtgxpdpDB.jpg
1267,Descubriendo a los Robinsons,"[16, 35, 10751]",img_movies/bLzCYc0DECOSkII2CZ4oJx1c5Ix.jpg
1371727,¡Canta!: Thriller,"[16, 10751, 35, 10402]",img_movies/8PI10vlJ7cLIHwOJhf79mycv5du.jpg
324849,Batman: La LEGO película,"[16, 28, 35, 10751]",img_movies/9F7OQVDMmvUJVwI7s0yzGNftC2F.jpg
45699,La mariposa,"[10751, 18]",img_movies/jawVecJvgusDnoMcQCESiAElj0P.jpg
8920,Garfield: La película,"[35, 10751]",img_movies/pMQKL3Dx40au9e172ARVUWsT4qH.jpg
400155,Hotel Transilvania 3: Unas vacaciones monstruosas,"[16, 35, 10751, 14]",img_movies/p5eBnMRoFWjSua4DYdiKjmHP3H5.jpg
228326,El libro de la vida,"[16, 12, 35, 10751, 14]",img_movies/vUqYsOhwDAoFlN2hJktT0XoilXv.jpg
324852,Gru 3. Mi villano favorito,"[28, 16, 35, 10751, 12]",img_movies/mz3zTmsnySgFWGc3ZsBbCQbalut.jpg
9078,Merlín el encantador,"[16, 10751, 14]",img_movies/hMAVsdyj0O13AJF4HK15WxaFsBm.jpg
295887,Beethoven: La búsqueda del tesoro,"[10751, 35, 12, 28]",img_movies/lfDaMeq8vfH0oQbry6hrbSIXbbw.jpg
18147,¡Peligro! Menores sueltos,"[35, 10751]",img_movies/gjjueXoEXup4E9FlBX0tytGyJJE.jpg
462650,El gato con botas: Atrapado en un cuento épico,"[10751, 14, 16, 35, 12]",img_movies/9Li6f0TK0qYc523sC4IjZBQfiyT.jpg
149020,Campioana,"[18, 10751]",img_movies/5MSSNg2lIKmTSMRAyKfAutDlGlX.jpg
1885,"Karate Kid, el momento de la verdad","[28, 12, 18, 10751]",img_movies/qupC1Jxss4YH5Y2ZeIB4XXokGcd.jpg
206370,The Mystery in Dracula's Castle,"[10751, 27, 10770]",img_movies/nNQuPPhjhdQ8li38rj6FT7jOpoo.jpg
62764,"Blancanieves (Mirror, Mirror)","[12, 35, 10751, 14]",img_movies/p89fw8XQPc82fKJCwvydnpAupFy.jpg
11621,Porco Rosso,"[10751, 35, 16, 12]",img_movies/j3RaEwYQ2D4fbdr3nMa3JXSK15o.jpg
12230,101 dálmatas,"[12, 16, 35, 10751]",img_movies/2Bt5iwJ0bMPWgIMBVTJPtI7onbe.jpg
18948,FernGully 2: El rescate mágico,"[16, 10751]",img_movies/xSR8n8o9hael6JLyVuhGqXsOifY.jpg
10140,Las crónicas de Narnia: La travesía del viajero del alba,"[12, 10751, 14]",img_movies/i1VNVBUkai81eRQTS16zXllnN52.jpg
1015724,¡Truco o trato Scooby-Doo!,"[12, 9648, 35, 16, 10751]",img_movies/jQnGmbS8Pqukn0hM91Fv57TsodG.jpg
43274,La torre del terror,"[35, 10751, 27]",img_movies/1r9oeulz9KTpAlJqzu82Gv3WFMC.jpg
337703,La tortuga roja,"[16, 18, 14, 10751]",img_movies/m3pixAC0hJSYTo0gvBlwcHncXpv.jpg
260234,Monster High: ¡Monstruos! ¡Cámara! ¡Acción!,"[10751, 16, 14]",img_movies/5cO6rfT9n2DsyTJ0RFlSaHe9E80.jpg
109451,Lluvia de albóndigas 2,"[16, 10751, 35]",img_movies/wLnAUHnQXacLZs1PJnkq0ns0u2y.jpg
459003,Mavka: Guardiana del bosque,"[16, 12, 10751, 14]",img_movies/7y2MqycqOzK8V8axtRLF6BERWoG.jpg
13688,CJ7,"[35, 18, 10751, 14, 878]",img_movies/oWf77GNpcgNz8HMP5XujV6gNwWx.jpg
1186532,La fragua,"[18, 10751]",img_movies/loYpxub1ZZVmI4JzPC0jLkerq3g.jpg
15370,Haru en el reino de los gatos,"[12, 14, 16, 18, 10751]",img_movies/gqtdSLSuTmpPAQISIcCKH1ChBec.jpg
560057,El monstruo marino,"[16, 12, 28, 10751, 14]",img_movies/wEdvvT8js6qhdVvxGkeYqr6gayP.jpg
258509,Alvin y las ardillas: Fiesta sobre ruedas,"[10751, 35, 10402, 12, 16]",img_movies/isz4uh337srL6PIYiKXTS5Htssq.jpg
637395,La escalofriante historia del Capitán Calzoncillos Jale-o-ween,"[35, 16, 10751]",img_movies/qGuBwXcJhmFBQRu5F6EB2VoTCn2.jpg
17681,Scooby-Doo y el fantasma de la bruja,"[16, 35, 9648, 10751, 14]",img_movies/aVS9CqFgfkypqLoljg1VDHSvMmB.jpg
552016,Dulce Navidad,"[10751, 10770, 10749]",img_movies/sUQMRLWeM2QEnvZQjwqzO5Ms1kc.jpg
296641,Dannys dommedag,"[878, 10751, 12]",img_movies/6ao9ArkwK4pjhpFmjQ55AINOlP3.jpg
9513,Garfield 2,"[35, 10751, 12]",img_movies/n10AuSUxcJQEPtRw0uNdukpKQ1G.jpg
10530,Pocahontas,"[12, 16, 10751, 10749]",img_movies/o8QGvm0zDrJ8aONM8G5dW4BNawG.jpg
62214,Frankenweenie,"[16, 35, 10751]",img_movies/4WZaUjHswR2mak767GEXgiWYxeq.jpg
417320,Los descendientes 2,"[10751, 14, 10770, 12, 10402]",img_movies/uQCZ12XelnvTchY9ncdLgnm4Gqy.jpg
246029,Prázdniny pro psa,"[35, 10751]",img_movies/mEyiLTd8AclGKmmNUxtqesLWu0i.jpg
9593,El último gran héroe,"[12, 14, 28, 35, 10751]",img_movies/wsqkU03Ujr4L6f0KoW1c5YTcjQP.jpg
278927,El libro de la selva,"[10751, 12, 18, 14]",img_movies/pQGB08Kxyt3TLN4L01E175BRcvu.jpg
14624,El último regalo,"[10749, 18, 10751]",img_movies/grRLGopjpYSXpzk5SxA3zuEhAK2.jpg
56308,The Homecoming: A Christmas Story,"[18, 10751, 10770]",img_movies/wcXI79DjFThXsy4YcJaTl6PVWFu.jpg
664850,Estamos aquí: Notas para vivir en el planeta Tierra,"[16, 10751]",img_movies/qHbhZ44I5UJ9JUHRANwtjbwzXnX.jpg
426242,¿Dónde está Anne Frank?,"[16, 18, 10751, 36]",img_movies/c8n8gEfZbMWCjoSEMBOV72NBU7o.jpg
53985,Las calabazas mutantes del espacio exterior,"[10770, 16, 10751, 35]",img_movies/w3R9G8rqrrbMSOufl0QBaNAZPDC.jpg
74465,Un lugar para soñar,"[18, 35, 10751]",img_movies/vgbx0mlSdwVT8sNqx7x2KtO2FpS.jpg
61898,Bonanno. El poder de la mafia,"[80, 18, 10749, 10751]",img_movies/4GgXG3wQxVjy0OCILi0wkxjCguw.jpg
13836,La montaña embrujada,"[12, 10751, 14, 878, 53, 28]",img_movies/fta3pl47CEZ5mqXClD3XwX3fQhC.jpg
283366,El hogar de Miss Peregrine para niños peculiares,"[14, 12, 18, 10751, 53]",img_movies/b4585PS4VZEqvwvVZiqeYZkpxhC.jpg
2899,Astérix y Obélix: Misión Cleopatra,"[10751, 14, 35, 12]",img_movies/3I6ocizuNTB2DmNTffLxnCe4bnc.jpg
9340,Los Goonies,"[12, 35, 10751]",img_movies/v7dWDGqLS0FHsVpSLNeKo9xlkg1.jpg
113094,Ultraman Tiga La Odisea Final,"[28, 12, 10751, 14, 878]",img_movies/papDk5x8wmkamSpEm70Ssc6SqQG.jpg
560050,Más allá de la Luna,"[16, 12, 10751, 14]",img_movies/u7wYZzjhBzhfS6QsvrjVKi7v0MO.jpg
88376,Un marciano en California,"[35, 878, 10751]",img_movies/8XqgFufuM6lhNopLEYUjPEj92AM.jpg
75258,Campanilla: El secreto de las hadas,"[16, 10751, 14, 12]",img_movies/soPOZlksVHcumHnhyRlI3XtAVyx.jpg
152143,The Winning Season,"[10751, 14, 10770]",img_movies/jzuB6m5bA8FloCtLRn6y6X5DxDr.jpg
18974,Los viajes de Gulliver,"[10402, 12, 14, 35, 10751]",img_movies/9GsNRkp5lPtZJ4AMprK102waEar.jpg
77950,Turbo,"[16, 10751]",img_movies/lDARMqluCrWaFgybY9KHLY96L3n.jpg
10150,El último unicornio,"[14, 16, 10751, 12]",img_movies/4Cp4wtNd1odNn0QUCCaKSZzRkwd.jpg
364689,Ferdinand,"[16, 10751, 12, 35]",img_movies/hC5FyR149ZOnXUuXdIHQN5LAozW.jpg
426077,Slingshot Cops,"[28, 10751, 35]",img_movies/vpqeqWQs8zHhOVKeJ4l3b5T6717.jpg
13179,Campanilla,"[16, 10751, 12, 14]",img_movies/1pUkm0XAVVD2CrTF4YdGOVfXjTY.jpg
1038627,Navidad en la granja,"[10751, 35]",img_movies/fBPi8qnCmC8m8Xsx7SkFbvPEimt.jpg
50364,The Bad Mother's Handbook,"[35, 18, 10751, 10749, 10770]",img_movies/4oWpuGqm2pVVw4enBHHF3ehw7v2.jpg
404368,Ralph rompe Internet,"[10751, 16, 35, 12]",img_movies/wfff5XoLdGQzCt2Nb4ZF6WYNLAq.jpg
1186532,La fragua,"[18, 10751]",img_movies/loYpxub1ZZVmI4JzPC0jLkerq3g.jpg
738646,Operación Feliz Navidad,"[35, 10751, 10749, 10770]",img_movies/mEqi2AMFZk550l4Rnsh9FsZ0MLy.jpg
2300,Space Jam,"[35, 16, 10751, 878]",img_movies/2yyw20gloVgbzR9a5B15GqPdqux.jpg
328661,The Garbage Picking Field Goal Kicking Philadelphia Phenomenon,"[35, 10751, 10770]",img_movies/aauEHRHy0yhLgmgrPmdxDQQd5k6.jpg
10438,Beethoven 2: La familia crece,"[10751, 35]",img_movies/lMjoADYBQHNIy3UdufxayFwCB2S.jpg
690369,LEGO DC: ¡Shazam! Magia y monstruos,"[10751, 12, 16, 35]",img_movies/i6jSpfFY9jclbl9pE0vf00XHXrh.jpg
508965,Klaus,"[16, 10751, 12, 35, 14]",img_movies/aLniylyJlbXEdxvaGSuQkRACWUx.jpg
431580,Abominable,"[10751, 16, 12, 35]",img_movies/436T2Ct0SyQlb262ogsHLumepwi.jpg
550205,El dragón de los deseos,"[16, 10751, 35, 14]",img_movies/uBSOVabHjh9vbfnA6B2u1C7vIq1.jpg
39346,Casper: La primera aventura,"[12, 10751, 35, 14]",img_movies/hEauEbt3cZFBVEFvq6da67advIV.jpg
555281,Christmas Bells Are Ringing,"[10751, 10770, 35, 10749]",img_movies/bJV4HVbYZMblIEa1bqk6mSHQ5YJ.jpg
193473,Tage die bleiben,"[18, 10751]",img_movies/ud9KufAFU2JNwROiPBZvWEieORV.jpg
1094556,El retorno de los Thunderman,"[10751, 878, 28, 35]",img_movies/u9F0QlZwwecGE9eHaaGKzx3pSS0.jpg
12599,Pokémon 2: El poder de uno,"[12, 14, 16, 878, 10751]",img_movies/onOIJL2FPGF6hQ66zDEyesfTxSi.jpg
428045,El misterio del dragón,"[28, 12, 10751, 14]",img_movies/sXldjUfEkxpbElx0wXaWrjWfAGv.jpg
37112,Héroes de hierro,"[28, 12, 18, 10751, 10752, 37]",img_movies/tbU8ECQEhWhMx3rEVaBulmId4s0.jpg
602307,LEGO DC Batman: La Bat-familia importa,"[16, 10751, 28, 35]",img_movies/ugroi0DuziV0MUoz6bYoTzODHqq.jpg
2616,Solos con nuestro tío,"[35, 18, 10751]",img_movies/kYyxouNI4j0LaGDxlRzmYMAtnxb.jpg
13597,Dentro del laberinto,"[12, 10751, 14]",img_movies/AhRH7qhyRWGOfr88UKLfSUEm7A0.jpg
252,Un mundo de fantasía,"[10751, 14, 35]",img_movies/tUVyOKCUgPYMjcYmpn9F69JpyXK.jpg
615677,Superniños,"[10751, 28, 14, 35]",img_movies/5AcJFpvxcqjLNADrCNAUYOsIrQP.jpg
1040148,"Ruby, aventuras de una kraken adolescente","[16, 10751, 14, 35]",img_movies/kAU8CSAY5aCS91dSD5oky5TZcJU.jpg
1115009,Un héroe anónimo,"[18, 10402, 10751]",img_movies/80ARSA2k0sTgbRF9Z4oIj6gfdeh.jpg
10567,Dinosaurio,"[16, 10751, 12]",img_movies/cPSmob9PGE2O4DE0PHaaqgwDrVg.jpg
778814,Daisy Quokka: El Animal Más Peligroso Del Mundo,"[16, 35, 10751]",img_movies/2hx1ByfkqYTR8I5MBWzBkVXizsg.jpg
539681,DC Liga de supermascotas,"[10751, 35, 12, 16, 878]",img_movies/8RNFUMjIyqvqz2OiGSA4493YLc6.jpg
17979,Cuento de Navidad,"[16, 10751, 14]",img_movies/mXi0FdzFmsN1v1do0wZA0NLNqQh.jpg
370071,Una Estrella por Navidad,"[10751, 35]",img_movies/kuPmTKaiAB7HjpZZHGUQWCK6AwD.jpg
381289,Tu mejor amigo,"[12, 35, 14, 10751, 18]",img_movies/1vz34upg09Hh9p4aV2Uau19g2bv.jpg
378932,Antboy 3,"[28, 12, 10751]",img_movies/wThFeVFNhZM5sSaPsIxN2hQ1KmP.jpg
454640,Angry Birds 2: La película,"[10751, 35, 12, 16]",img_movies/yIkmA2y50NYJkAYT9nZ5pcle9tP.jpg
486589,Zapatos rojos y los siete trolls,"[16, 14, 10751, 35, 10749, 12]",img_movies/2OqPy2SP4Jiu9ftYoqfshxEF4zi.jpg
587807,Tom y Jerry,"[35, 10751, 16]",img_movies/orzPlWUbf0S5HeWmpP3TeHvduwn.jpg
11674,101 dálmatas (¡Más vivos que nunca!),"[10751, 35]",img_movies/rzUvS1tW6WuJHYB4bbFOW89aNVc.jpg
2270,Stardust,"[12, 14, 10749, 10751]",img_movies/73JmdwtJyFQyKem7QHlDzmadNef.jpg
25786,Samantha: An American Girl Holiday,"[18, 10751, 10770]",img_movies/hJwb18mOK68CJfREiNaBD0Xfrpn.jpg
8916,Antz (Hormigaz),"[16, 18, 10751, 35, 12, 10749, 10752]",img_movies/iKMrcYgfsvw58sH5tlbi6ENtQ02.jpg
38745,Los viajes de Gulliver,"[10751, 35, 12, 14]",img_movies/qty5QXxTyXWI4Rmn9m9348c8HSz.jpg
1354627,Bob Esponja: Campamento del Terror,"[10770, 10751, 35, 27, 16]",img_movies/aUOCmqkbCX94znDJNtSy1402Sie.jpg
139017,Franklin and the Green Knight,"[10751, 16]",img_movies/eZRQIAF4mAjDbSLynosXXPqOXaW.jpg
72268,Bäst i Sverige!,"[10751, 18]",img_movies/9lteMKiRK70PwygPecMb7RS4Hjd.jpg
1268,Las vacaciones de Mr. Bean,"[10751, 35]",img_movies/67boPPEDTXpLi7X18SGKzV45A1T.jpg
6878,De vuelta a casa: Un viaje increíble,"[12, 35, 10751]",img_movies/2zcHLbkPIuY0hOeZ9hYWvi2uYpx.jpg
579524,Pequeños ayudantes de Santa (2019),"[16, 35, 10751, 12]",img_movies/aNqDp2Ic7VjTRuqn9czlIsGvUu9.jpg
1061728,Patrick,"[16, 35, 10751]",img_movies/rQ9nWZzqMsfiDUOSQMlXQXKIcty.jpg
762008,"The Snowden, Raggedy Ann & Andy Holiday Show","[10751, 14, 35]",img_movies/lIun8a1alqiNiTor1rVYsjoWMRQ.jpg
151535,Scooby-doo: La máscara del Halcón azul,"[16, 35, 14, 12, 10751, 9648]",img_movies/vz1NKc21B6g81Xj4BMWje6ZPbwI.jpg
19766,Inspector Gadget 2,"[28, 12, 35, 10751]",img_movies/6g5L4lpsQ1jYDJpMn1XGYOGzlar.jpg
10545,El jorobado de Notre Dame,"[18, 16, 10751]",img_movies/pvnmJckCNgzEbuE5sHXX3tDRQox.jpg
64633,La gran aventura del Inspector Gadget: La película,"[16, 10751]",img_movies/rFirfgq5ecWgSOWZhpj5VC6Tmpt.jpg
42246,Tom y Jerry en la super carrera,"[16, 35, 10751]",img_movies/9rn3wbkXyQen9ipaAQtX01HGAMe.jpg
10010,Hermano oso 2,"[12, 16, 10751]",img_movies/tHvNX0SSyCW9MyPeWK5myc9lTLS.jpg
116149,Paddington,"[35, 12, 10751]",img_movies/mJypxc7GFS98v4GvlS6Z8EcXc9F.jpg
51249,Alabama Moon,"[12, 18, 10751]",img_movies/zTExJLGaHxGnEtbo2n0vCgvxx7k.jpg
686941,Dragones al rescate: A la caza del dragón dorado,"[16, 10751, 10770]",img_movies/fD68JTgLp9Sa5tgdYIdvxWgj9I0.jpg
315397,Dornröschen,"[10751, 14]",img_movies/jRjxyxQMLraZwOeBqnjzL8KeZE.jpg
217277,De menor,"[10751, 18]",img_movies/AwoDyZWYNNRGHPVzAYIv0RveC87.jpg
91417,Dragones: El regalo de Furia Nocturna,"[16, 35, 12, 10751]",img_movies/qwUYVh1ogG8tsDWQli18akSXHEt.jpg
448119,Las aventuras del doctor Dolittle,"[10751, 35, 14, 12]",img_movies/aodZLzbl7JaKSsdV6EJzl86EjcX.jpg
9928,Robots,"[16, 35, 10751, 878]",img_movies/e5GTdGwZAvaPgO8kOEsGltzgIUX.jpg
667276,Las Leyendas: El Origen,"[16, 35, 14, 12, 10751, 27]",img_movies/fR49hZdFJ6ZtRS23JW79VYmZgI7.jpg
638507,Cómo entrenar a tu dragón: Vuelta a casa,"[16, 14, 12, 28, 10751]",img_movies/n12wESAYZNqa88h4EzdD25bJRYR.jpg
37211,Scooby-Doo y la carrera de los monstruos,"[16, 10751, 10770, 9648, 35]",img_movies/nB2cYO1nVn8XCxODfXkpzZmdLdo.jpg
6795,Zathura: Una aventura espacial,"[878, 12, 10751]",img_movies/8ePd8jBizl04Di7N4VnhD5tXSCo.jpg
300778,El misterio del trastero,"[9648, 10751, 10770]",img_movies/cuscqZp7dIaQXvLOr4NPhfGfmS.jpg
60870,Roxy Hunter and the Myth of the Mermaid,"[35, 10751, 9648]",img_movies/2HSxldYKYvIepA5VEByXJCeI1pb.jpg
792754,Little House on the Prairie,"[37, 10751, 18, 10770]",img_movies/msWuQkDPAz06rDO7FeZ76OHHkMY.jpg
14442,Hechizada,"[10751, 14, 35]",img_movies/4toqLvFh6fNywsR9Y8JK1XTPZ0B.jpg
436931,La película Pokémon:  ¡Te elijo a ti!,"[10751, 16, 12, 14]",img_movies/b5sKR0P5UExJcdhLNy6h02sBA5k.jpg
109980,"Obušku, z pytle ven!","[10751, 14]",img_movies/yhCT8GvwXn1H4ednmwqxkRoeve3.jpg
12920,Camino hacia la victoria,"[18, 10751]",img_movies/itnKK37B1czYCkyCrt0yZwA5TYh.jpg
12096,La pantera rosa,"[35, 9648, 80, 12, 10751]",img_movies/5wYfVgR8hIGeeCk8vifYHZteWdk.jpg
487047,El baile de las brujas,"[10751, 14, 878]",img_movies/70RiLlSIi5q17Ybnq61rUt8JVoU.jpg
24266,El hombre de Río Nevado,"[18, 10749, 12, 37, 10751]",img_movies/nHGDDNaqlbxZfRSRfWNIebIQnsQ.jpg
995133,"El niño, el topo, el zorro y el caballo","[16, 10751, 12, 14]",img_movies/zCSrpzYQgi8nmzHi7ZgszQ6Z1Ln.jpg
10882,La bella durmiente,"[14, 16, 10749, 10751]",img_movies/ofoVXR8gBYhV4e0MpRQtSpeXLiK.jpg
10882,La bella durmiente,"[14, 16, 10749, 10751]",img_movies/ofoVXR8gBYhV4e0MpRQtSpeXLiK.jpg
293299,Buenas migas,"[16, 35, 18, 10751]",img_movies/iiKxK5ddn3pSJ8sp135Xx3MB63d.jpg
7484,Colegas en el bosque,"[16, 10751, 12, 35]",img_movies/q4xkxD6wcybrwn4dDS2cTczCcBA.jpg
59075,Snow White,"[10751, 14]",img_movies/k7ICLYTRHdyERwOC29pd9FqZD3H.jpg
1321916,Disney Animation: The Illusion of Life,"[16, 10751, 99]",img_movies/2PHjXVQlFVuoGpVu9wbi3cMTS1m.jpg
10992,Como perros y gatos,"[10751, 35, 28, 12, 14]",img_movies/ee8wZ0jIVS2w7BJvVxbyu9DgEh6.jpg
128542,FRED 3: Camp Fred,"[10751, 10770, 35, 10402]",img_movies/wyVZtMe1phhwCmEGDTEVATv8X2g.jpg
13053,Bolt,"[16, 10751, 12, 35]",img_movies/hpunLKNEvjuzCLwLbuWJqzu3OE7.jpg
14128,Cenicienta 2: ¡La magia no termina a medianoche!,"[10751, 16, 10749, 14]",img_movies/eUoQl8Bhd4s5woTc35lHFijhLcW.jpg
879,Hook (El capitán Garfio),"[12, 14, 35, 10751]",img_movies/cB9JjO3IU2s3ZBj1fK3baTCigVW.jpg
1147114,Navidad en familia,"[35, 10751]",img_movies/8MrhtbRHgeL3pnvGd69xmlSoQXS.jpg
277217,Los descendientes,"[10751, 12, 14, 10770, 10402]",img_movies/eUkdI96zP64e7JQLgPpVvM9WKGa.jpg
26450,El fantasma del megacine,"[28, 35, 10751, 9648, 27]",img_movies/sUlIH6ULEatEc2bvd1QnYNEOQtZ.jpg
267935,Mi amigo el gigante,"[12, 10751, 14]",img_movies/sglHfkazJxsIWHPlHrzb60mULLI.jpg
12198,El vuelo del globo rojo,"[10751, 18]",img_movies/nWOQxdXJfyDCv2u9mzFWyL9huRN.jpg
15906,Barbie y La magia de pegaso,"[16, 10751, 10749]",img_movies/2s05XyBmImXVtW36NHSr6j1W4FJ.jpg
10947,High School Musical,"[35, 18, 10751, 10402, 10749, 10770]",img_movies/bg1eLo2OjySRYKaTO89ZDsqUcJ4.jpg
309809,El principito,"[12, 16, 14, 10751]",img_movies/i8gmsOtNe2Zqlj7dqstEprf3w1T.jpg
43158,Godspell: A Musical Based on the Gospel According to St. Matthew,"[35, 10751, 10402]",img_movies/tMKlgEcquG3b8U7lJh7PXi140ue.jpg
17663,Ana de las tejas verdes,"[10751, 18]",img_movies/bofIDdh1mQ2sdOmbrxYLOweAeVt.jpg
726739,Como perros y gatos: La patrulla unida,"[10751, 35, 28]",img_movies/5I9ZSO42I9Rl3aXh7nMaTLWiUaz.jpg
554241,Jugando con fuego,"[10751, 35]",img_movies/cMNiuu6Qcx7YdCRIdmia164AmV1.jpg
637693,Spirit: Indomable,"[16, 12, 10751, 37]",img_movies/bSkqrecf1g2d0h9z0oJlgxXVHwt.jpg
790962,A Vineyard Romance,"[10770, 10749, 35, 10751, 18]",img_movies/8n6owyo12N91E7JycOiXOUZx6pA.jpg
793442,The Clue to Love,"[10770, 35, 10749, 10751]",img_movies/sYlb8UoMTdxxFaotkuYdwtvdg0n.jpg
481848,La llamada de lo salvaje,"[12, 10751, 18]",img_movies/2KlzkeqqmXaDdXo7D6pq7qQLJoM.jpg
2280,Big,"[14, 18, 35, 10749, 10751]",img_movies/ri6DEF9rul9Z0nOkPdTWHilZgJd.jpg
166747,Monster High: Viernes de patinaje terrorífico,"[16, 10751]",img_movies/zkZ2uB1KfYIcAn8dEL44WId9x7x.jpg
11966,Cortocircuito 2,"[35, 10751, 878, 18]",img_movies/w9GNBKn3FNLbhl8CmNOq5El0Ekf.jpg
257,Oliver Twist,"[80, 18, 10751]",img_movies/zhPdYZ3x2uanhM1SyBj4CuL6hSa.jpg
11704,"Nimh, el mundo secreto de la Sra. Brisby","[10751, 16, 14, 12, 9648]",img_movies/knBSHvgA3c48W7QqusHhrF8cfL7.jpg
92682,Tú a Boston y yo a California 4: Luna de miel en Hawai,"[10751, 35, 10770, 10749]",img_movies/tlf0WUL5iakSIfYc8bRVbpSlPoR.jpg
74147,La pequeña locomotora que sí pudo,"[16, 10751]",img_movies/yl1TwtGHJ9I2xNX4LEBydKsrAeH.jpg
30916,Nefi y las planchas de bronce,"[16, 10751]",img_movies/7QKP7YDsMYF92aolzMxrjO8lShk.jpg
550024,Navidad En Grand Valley,"[10770, 10751, 10749]",img_movies/R8O6BlBD2J8N0Z5EI6fjuWQTDS.jpg
9816,Espera al último baile,"[18, 10751, 10749, 10402]",img_movies/qaBdQAa61jE3HYj5WF5zSEKxa0w.jpg
116711,Epic: El mundo secreto,"[16, 12, 10751, 14]",img_movies/r9rCLrojxwXm0meuVWQwCf3bqnz.jpg
153518,Angry Birds: La película,"[16, 12, 35, 10751]",img_movies/wHlxud7DzsolgvasBFt6gFHIUwP.jpg
19594,Bartok el magnífico,"[16, 35, 10751, 14, 10402, 10770]",img_movies/qCQm5rGdhm9BTFVB86U0zhopbBc.jpg
313297,Kubo y las dos cuerdas mágicas,"[16, 12, 10751]",img_movies/b9L5BomkYAHwiRaVNp14WibZhHs.jpg
9444,Anastasia,"[16, 10751, 14, 12]",img_movies/bppGWGA8zq1sRvTdDJnUzVW9GcH.jpg
1038803,Cupid's Christmas,"[10749, 10751, 35]",img_movies/3mrhHmKF75BshA8zYpnE0Trdm4y.jpg
136799,Trolls,"[10751, 16, 14, 12, 35, 10402]",img_movies/grCBNLzAGbRrGMzF4eTM9EXwP78.jpg
23023,Rompedientes,"[35, 10751, 14]",img_movies/aSYzDNAdj9X2CstvuU9cj9rv4bE.jpg
73960,Game Time: Tackling the Past,[10751],img_movies/kdIKGOGgoHaTvRSdmc41RuseJlB.jpg
662745,Monica and Friends: Lessons,"[10751, 35, 18, 12]",img_movies/xUXqbadZGR5sjdOZ6dRtV4t8QQq.jpg
513736,LEGO DC Super Heroes: Aquaman: la ira de Atlantis,"[16, 10751, 28, 35]",img_movies/5S6BbTIu18CLEHRDdNzCLzSKAMq.jpg
127380,Buscando a Dory,"[12, 16, 35, 10751]",img_movies/wXBwo2DxTm6wZ8Cbu02t9kzzoK4.jpg
1278101,小小的我,"[18, 10751]",img_movies/kvRhquopoC2idxgkRYnbVN4q2B3.jpg
387592,Cavernícola,"[10751, 35, 16, 12]",img_movies/lS3AiC4FrNtGK819OnbtWnmWh1h.jpg
759872,The Farmer and the Belle: Saving Santaland,"[10751, 35, 10749]",img_movies/tOtzpBwxMz0pmX0hno123pW7qPf.jpg
375107,"Al aire, patos","[16, 10751, 12, 35]",img_movies/96NP9cZh43GJYSmr4E3lqpQoSrB.jpg
400045,An American Girl: Lea to the Rescue,"[10751, 12]",img_movies/nZUMI8Y63UT0niYxfjZQznsAzzw.jpg
682075,Las aventuras de A.R.I.: Mi amigo robot,"[10751, 878]",img_movies/dmXQl7HRAPLwMcDva8QogAMAsBp.jpg
446893,Trolls 2: Gira mundial,"[10751, 16, 35, 14, 12, 10402]",img_movies/9GdgycCYq3vnxLHw5Ldah8JEjH4.jpg
19100,Aquellos días felices,"[35, 10751]",img_movies/m3GJUarfKgn5OLJZmSjUtV7Bcwh.jpg
3170,Bambi,"[16, 18, 10751]",img_movies/q9LI5Uloz1WRqaJjr8Tq2aOeSeH.jpg
10228,Pokémon: La película,"[16, 10751, 12, 14, 28]",img_movies/aeskMWlroIsPR9AllXLW2H6Gev0.jpg
11130,Princesa por sorpresa 2,"[35, 18, 10751, 10749]",img_movies/ndsSUCSqwe8nqdTqJXX4aDrsNM0.jpg
129533,Barbie: La princesa y la cantante,"[10751, 16]",img_movies/hHM7FH7LnyqeD6YhEYolEEAFbKV.jpg
178682,El retorno de los magos: Alex vs. Alex,"[10751, 35, 10770, 14]",img_movies/arSJXWb2MipcD9ksgG59fbQLFlB.jpg
116440,Maggie Simpson En El Día Más Largo De Maggie,"[16, 18, 10751, 35]",img_movies/iys8qSRuynNjBK4BR6CNj8U2XYz.jpg
14411,Simbad: La leyenda de los siete mares,"[10751, 16, 12, 35, 14, 28]",img_movies/ewoNM3cDc3DG0yRhtvya2UUiXN1.jpg
339928,Once I Was a Beehive,"[35, 18, 10751]",img_movies/zOV0bO2ZSnwsu9JsiujZFHr1kY7.jpg
874966,The Song to My Heart,"[10770, 35, 10749, 10751, 10402]",img_movies/9s9fkDkpi43MI3CIaWQP5ifhiJM.jpg
451500,Santa Claus & Cia,"[35, 14, 10751]",img_movies/ows7ZifPJZZtoHT9mqK9yj3wXhe.jpg
379686,Space Jam: Nuevas leyendas,"[10751, 35, 12, 16, 878]",img_movies/1BjZAcj4oGokaIGoMDWh6njWzVr.jpg
798021,Familia revuelta,"[35, 14, 10751]",img_movies/mDJiZua9gUzHRwefHhw2OaJ8HTF.jpg
256961,Superpoli en Las Vegas,"[28, 35, 10751]",img_movies/5JkfQy1cq7IUxXbDxEBIoORXPuZ.jpg
1498,Tortugas Ninja,"[878, 28, 12, 35, 10751]",img_movies/uDJipJy4zwIN9F7stcaTGwfD9yP.jpg
9279,Un padre en apuros,"[10751, 35, 12]",img_movies/ajuYAcn5LDxXE7yoDISTsL0BCuy.jpg
421892,Shrek 5,"[16, 10751, 35, 14]",img_movies/aRntI6gNBMu4B6YozI7rxXRPyQo.jpg
122977,Don Bosco,"[12, 10751, 36, 10770]",img_movies/fVFlTWdjvu3t98l9WlXB1984ATl.jpg
34584,La historia interminable,"[12, 14, 10751, 18]",img_movies/dHZ3HmN294z2ri1KyWFwBORFOd7.jpg
1336928,El casoplón,"[35, 10751]",img_movies/godwprYhs8weMqDEA1iI3bJmm6q.jpg
1497,Las tortugas ninja II: El secreto de los mocos verdes,"[878, 12, 28, 35, 10751]",img_movies/pHX1HeO3oFcy50QoOaBOl5Rgtc0.jpg
35019,La niñera mágica y el Big Bang,"[35, 14, 10751]",img_movies/hEitv4R2x0fqzM9MRC7faYehXOb.jpg
13466,Cielo de octubre,"[18, 10751]",img_movies/qs0GdHYvrNNoe6dEhmiNK5OotWu.jpg
10719,Elf,"[35, 10751, 14]",img_movies/iJrvkckDP7MKfimogB6lNUfQRx.jpg
51438,¡Mola mazo ser mono!,"[35, 10751]",img_movies/ag5JeYsGWjJ7bF9XAgOCdvyXAFe.jpg
12233,Oliver y su pandilla,"[16, 35, 10751]",img_movies/31pu0jSoa6iUouojFnjjlqgOnHB.jpg
75141,Aventuras en el Mississippi,"[10402, 10751, 12]",img_movies/g4yl5xXpz8Yf0BUc1K42qOZop0H.jpg
560688,Batan Güneş,"[18, 10402, 10749, 10751]",img_movies/gOYDwHhGhErfRcfYURHybDJ5EdJ.jpg
77499,Barbie: Una Navidad perfecta,"[16, 10751]",img_movies/2wBBLFoWQfDPAeNpPVy0Mogio5v.jpg
932107,The Engagement Back-Up,"[10770, 35, 10749, 10751]",img_movies/jfAZQwr3dyQ7xybRgxjcud8URZi.jpg
114612,Storybook Classics - Robin Hood,"[12, 16, 10751]",img_movies/rVdzBRqJsBbZWJ0hIN1DbatxVtD.jpg
329996,Dumbo,"[10751, 14, 12]",img_movies/tLbijKcpZfFRgKTNs1HBWFrEGqp.jpg
621876,Flora y Ulises,"[10751, 12, 35, 14]",img_movies/ehesNeYjfTkkJgIYbKKrWcqY2fA.jpg
9449,"Los Borrowers, una gran aventura","[12, 14, 28, 35, 10751]",img_movies/dLGvEitCygGHdTul5F9afkdZDT.jpg
31170,"Casper, escuela de sustos","[12, 16, 35, 10751, 14]",img_movies/xCMG8ZuJTuLnMW3jubq4lyWxFdI.jpg
1187294,¿Quién es quién?,"[35, 10751]",img_movies/o4T0QAgm9bBWaU7kHWGD3o5b4M2.jpg
587693,Un príncipe de Navidad: Bebé real,"[10749, 10751, 10770]",img_movies/aBI8CcMVaiTSS28n34uAx7ZVit2.jpg
378236,Emoji: La película,"[16, 10751, 35]",img_movies/3Gsc5NFpeT22l43sEHd7rVZSbXK.jpg
76285,Percy Jackson y el mar de los monstruos,"[12, 10751, 14]",img_movies/akbLEdUzQ5T2R7coc5nOEqk7FjE.jpg
508439,Onward,"[10751, 35, 12, 16, 14]",img_movies/tHWeWBBOlkPYdlZcjSKeToQvgZg.jpg
47168,Viento en los Sauces,"[14, 35, 10751, 12]",img_movies/x7UMeyL6v2fpgHS2C1F4Ux56khr.jpg
213787,What Becomes of the Children?,"[18, 80, 10751]",img_movies/b1qPWK4xYC779NIbfSWRGwnHLJY.jpg
735168,我在時間盡頭等你,"[10749, 10751, 14, 18]",img_movies/dm66uZ4vtCRf5LAZXH2eWteuuGR.jpg
37797,Susurros del corazón,"[16, 18, 10751]",img_movies/q5ucEqlNH6ypr6KF8UILssqdasU.jpg
639721,La familia Addams 2: La gran escapada,"[16, 10751, 35, 14, 12]",img_movies/esOfrTHCoGXbysiLGeimR8nT94q.jpg
567811,10 vidas,"[16, 35, 10751, 14]",img_movies/4clvunwVxvwjem4y1BjuqImlPB.jpg
499701,Dora y la ciudad perdida,"[10751, 35, 12]",img_movies/zFzRbVWduN0qewAjLJEKlNvMunt.jpg
961725,La Guerra de los Lulus,"[12, 36, 10751, 18, 10752]",img_movies/ghjUp8uMb6FtUdTC3PI3t7IoWLN.jpg
426543,El cascanueces y los cuatro reinos,"[14, 12, 10751]",img_movies/eYDNJvFvjgVIklbf76St7ldnsaX.jpg
74849,El especial navideño de Star Wars,"[12, 878, 10751, 10402, 10770]",img_movies/3vFFdLKigS3swN0pIBQbuRqSXIy.jpg
983556,Planning for Joy,"[10770, 10749, 35, 10751]",img_movies/bXC3mCUMryXtwH2l6TkYpAJ174s.jpg
2493,La princesa prometida,"[12, 10751, 14, 35, 10749]",img_movies/dYgsPYY3sI6Zvie8NaJeA0vo1PF.jpg
79418,Robbie the Reindeer: Legend of the Lost Tribe,"[10751, 35, 16, 10770]",img_movies/mHC8QQ9xAOFLliGUzTrMKYweeMj.jpg
2605,Cortocircuito,"[878, 35, 10751]",img_movies/kuCVtkWApDxOTsEyMeCWonEt7qI.jpg
68728,"Oz, un mundo de fantasía","[14, 12, 10751]",img_movies/piHFgW1yotlHrewwdlQJG7gRRLu.jpg
227257,Monster High: ¡Guerra de Colmillos!,"[10751, 16, 14]",img_movies/2rDjqiJwqNd4NpnkUTpHfYQbu85.jpg
48466,Shrek - Especial de Halloween,"[16, 35, 10751]",img_movies/e0GrdDk0IMOy9bU5DTJsnSdln0p.jpg
1139087,Érase una vez un estudio,"[16, 10751, 14, 35]",img_movies/81BdCKeRtyHr0muZY72zYr0JM3j.jpg
19164,En busca del valle encantado IV: Viaje a la tierra de las brumas,"[12, 16, 35, 10751]",img_movies/auROSiN4VL3Ckjab1s8FiKDbXsh.jpg
227973,Carlitos y Snoopy: La película de Peanuts,"[35, 16, 10751]",img_movies/2vh5QyyFgWCVNipA6C70BT3cRt0.jpg
44826,La invención de Hugo,"[12, 18, 10751]",img_movies/wgiscmtnwuMrj8Ts7qCqp8pSrOm.jpg
39057,Pokémon: Arceus y la joya de la vida,"[10751, 16, 12, 14]",img_movies/4ghGJZl9N5VZkHy4GFSAPhY5Jgt.jpg
10869,"Herbie, un volante loco","[10749, 35, 10751, 14]",img_movies/nABtlB6BqKjRIcMeEXB3OUvXpGf.jpg
338958,Desencantada: Vuelve Giselle,"[35, 10751, 14]",img_movies/kk3h3T1h9CyrlpKV2SzbLF4wj82.jpg
36602,The Wind in the Willows,"[10770, 18, 10751]",img_movies/pn1qEuEg2nZUsWtwfGceYuqeK8u.jpg
1118203,La Princesa Cisne: Ha nacido un cuento de hadas,"[10751, 16, 14]",img_movies/rPHUSeqb2HI4JKe9xMawxeMZHAb.jpg
2309,Corazón de tinta,"[12, 10751, 14]",img_movies/hMGNlzmgjFrPU4XIlkE0uDx7CU7.jpg
512901,El caballero de las sombras,"[28, 14, 10751, 12]",img_movies/n8R5BHkbA8HBO4ibwKnEUlDBqRT.jpg
266647,Pan: Viaje a nunca jamás,"[14, 12, 10751, 28]",img_movies/gV3bDhG5Vn8HX2nJUNYeUqGoXcI.jpg
75523,The Wind in the Willows,"[16, 18, 10751]",img_movies/5eQ8GvgjWhO9N5qkTMgMwVw9QRj.jpg
54113,La princesa Cisne II: El secreto del castillo,"[10751, 14, 16, 10749]",img_movies/baMeQSxukVdPVQUSGhtKe6fA4aR.jpg
2486,Éragon,"[14, 28, 12, 10751]",img_movies/kr7MbR744tyqIJqbs2FSCfsy9pg.jpg
318196,The Monster of Highgate Ponds,"[10751, 16, 14]",img_movies/mAYvVHqwpvGKaS1WvjKVod5V7Uj.jpg
36838,Los sueños del señor Rossi,"[12, 16, 35, 10751]",img_movies/v4i2Sde2sRK6rsmTaQYFSo5pxQU.jpg
732310,Switched,"[10751, 35]",img_movies/sEoOHaU6pqgLsXJAVWLo1GBuKPx.jpg
533,Wallace y Gromit: La maldición de las verduras,"[12, 16, 35, 10751]",img_movies/smYqt61tPAgjH9NZEYx5HJ0qTyQ.jpg
361142,Timm Thaler oder das verkaufte Lachen,"[10751, 12, 18, 14]",img_movies/Ah2e7UtRKmx2X5YlH42OFoOGkUJ.jpg
864101,Sin señal,"[878, 18, 12, 10751]",img_movies/g1g6hCYtuRuf9ZJISDmCKjXffSs.jpg
276819,Dot and the Whale,"[14, 16, 10751]",img_movies/2VI3rEup5Iy63pOjMKEWNMiszlq.jpg
16187,Buzz Lightyear: La película,"[16, 10751, 35, 878, 12]",img_movies/tgI2qNyRGmJJIlx3mAlK5xQr4F5.jpg
449124,Amor a primera vista,"[16, 35, 10751, 10749]",img_movies/wBKSWgTQwHdJMO2Act0FwvNV2IQ.jpg
693737,The Chronicles of Narnia: Prince Caspian & The Voyage of the Dawn Treader,"[14, 12, 10751, 10770]",img_movies/wK7Sn9z7Hq3CYMezbePkDyYvz85.jpg
1134680,La princesa orgullosa,"[16, 10751, 14]",img_movies/vnW5CUN10ENlAF3CG2EqquNOMrR.jpg
59178,El viento en los sauces,"[10751, 16, 12, 35, 10770]",img_movies/oDXSed3TihGrQsNUbns5oIE8Urj.jpg
13004,Barbie y El castillo de diamantes,"[16, 10751]",img_movies/o3nwrE8OjpOufeu42JbHcW8l4zO.jpg
12536,Solo en casa 4,"[35, 10751, 10770]",img_movies/q9BAc2Q37oQWcRlMKUkuRilJ90E.jpg
13205,Bambi 2 (El príncipe del bosque),"[16, 18, 10751]",img_movies/hquwtrcEZTmupcIsds64y4ZPqMe.jpg
41216,Ga'Hoole: La leyenda de los guardianes,"[16, 12, 10751, 14]",img_movies/dsOfwuOYnXUzOORTwYr9aKiKqtL.jpg
62394,El Pequeño Cherokee,"[18, 10751]",img_movies/cBJCiV56y5i5kEWZw1vXf2QYuFM.jpg
278818,Barrio Sésamo: Elmo salva la Navidad,"[10751, 10402, 12, 35, 10770, 14]",img_movies/3Nsctk6LqkiTjWS6VBk9N5Mt4a9.jpg
13042,Presto,"[16, 10751, 35]",img_movies/1RMMyEkRPHvVxPDvhFmmw6xbcIb.jpg
384874,A Horse Called Bear,"[10751, 18]",img_movies/ureKnebOfFQYmckx9DmAbf226rU.jpg
20377,La tostadora valiente va a Marte,"[16, 10751]",img_movies/zO6SF0qLZfgSVRIfk8Y8l4hmN5e.jpg
1042411,Trick-or-Treat for UNICEF,"[16, 10751]",img_movies/vMdIH5CfYj8ZQ1PSDhuDxnsuHl3.jpg
102726,Un tonto con un billón de dólares,"[35, 10751]",img_movies/j2zmDAD22EG3MxU0ILyiRiQe3qH.jpg
22102,La tropa de Beverly Hills,"[10751, 12, 35]",img_movies/kEovxek72PPfzAUVpQmsqigX0Da.jpg
126548,Le Fils du Français,"[12, 35, 10751]",img_movies/ez6NjzHsX1ZYproJCofINLFV9D9.jpg
1304500,Tale of the Forest Unicorn,"[10751, 14]",img_movies/m7QpNg9sEpKebmIlbUe6M2BQ2cN.jpg
6589,Superdog,"[10751, 28, 12, 35, 14, 878]",img_movies/kHlXtndIRk8k1pEmE6cQyRGvoU1.jpg
646106,La travesía,"[10751, 10752, 53]",img_movies/depdHrjxbvhO5HhofhIsOXSXyWw.jpg
34134,Barbie en Una aventura de sirenas,"[16, 10751, 14]",img_movies/7SL9oL7qXUSSnytBzWz839AMWxi.jpg
607386,Marooned,"[16, 12, 10751, 878]",img_movies/Avq6ipVVIb0kbdltnGLwR34mCwU.jpg
366978,Arthur's Perfect Christmas,"[16, 10751, 35, 10770]",img_movies/lk2SDlixFUpiCtiKxSlHU4HrNmC.jpg
433,Mary Poppins,"[35, 10751, 14]",img_movies/8hU9v0EYEiAWYOkROcy4iWnSNpl.jpg
929204,Wallace y Gromit: La venganza se sirve con plumas,"[10751, 35, 12, 16]",img_movies/e4YIxQEoz2lwZA3WLtFzAogxl44.jpg
1486502,Poluição dos Mares & Oceanos,"[99, 35, 10751]",img_movies/nrM9IxvofTq89pXJIELtaDA8RCg.jpg
451172,Илья Муромец и Соловей Разбойник,"[35, 16, 12, 10751]",img_movies/hSdczan7HmhrD2SnXuAygfWIUDI.jpg
9036,Bajo cero,"[12, 18, 10751]",img_movies/eXm62HsxnFukG3dDmlNBphFsZ6X.jpg
18890,Rex: Un dinosaurio en Nueva York,"[16, 878, 10751]",img_movies/yIubDxFiMSuxwV1qb2Ol2eMBRSd.jpg
1075969,Moonrise,"[18, 10402, 10751]",img_movies/8gbEh9At6Rw1mfMXHZgrIAJ8ywZ.jpg
846214,"Los Simpson: la buena, el malo y Loki","[16, 35, 10751]",img_movies/u10ZfFwbCMB4UrFy7OlHq08fBRr.jpg
1181107,El Rey de Reyes,"[16, 10751, 14, 18, 12]",img_movies/oukn96XolAQBXykWTVT6h0HNgY7.jpg
11459,Sky High: Una escuela de altos vuelos,"[12, 35, 10751]",img_movies/dXtT1o8bLUflTSh1e0XvDSzCFs4.jpg
355111,Barbie en El campamento de princesas,"[16, 10402, 10751]",img_movies/55NspwnwJuMhj9nFAOBs3YyUiZH.jpg
116743,Blancanieves y los siete enanitos,"[16, 18, 10751, 14, 10402, 10749]",img_movies/eYiSyqi584AW9eKHPVYzME3cNTv.jpg
421920,Tabaluga y la Princesa de Hielo,"[10751, 16]",img_movies/ia88E1Y31kcSQeODNHNu5AV2xDe.jpg
34204,Regreso a Halloweentown,"[10751, 14, 35, 10770, 28]",img_movies/cENAOPi5zxTnRdmed8dF26f5AMS.jpg
19458,Programa de protección de princesas,"[10751, 10770, 35, 18]",img_movies/rUdmmKzWJtdAZBjSxgoQM2s56df.jpg
592687,Marvel Rising: La batalla de las bandas,"[10751, 16, 28, 35, 878]",img_movies/mFL0EzAhEj3vscyGUMk6sT7pfQg.jpg
81450,Cuando nace el amor,"[18, 10749, 10751, 10770]",img_movies/b0JiPlWEZ8cnhhgVOWo0rnbGuvh.jpg
10588,El gato,"[10751, 35, 12, 14]",img_movies/61lpYW9NTJ1UYsCuE78lEvlHXzx.jpg
13680,Papá por sorpresa,"[35, 10751]",img_movies/fdryOOeqeX0SSKdk7Pvz4mBXGid.jpg
206161,Sally Marshall Is Not an Alien,[10751],img_movies/gmW0m6uJPTzLcOe25NAGyWcbS4C.jpg
18935,La batalla del campamento,"[35, 10751]",img_movies/14GzgM3U2ABJ3h4ixhOkWpoQJAj.jpg
532639,Pinocho,"[14, 12, 10751]",img_movies/76MYNTMpbiZYqzNArPXmXnPsQce.jpg
93567,The Pride of Jesse Hallam,"[18, 10751, 10770]",img_movies/yXt9fQQabeZJxVryn9JFw9LHrSX.jpg
68179,Operación escape,"[16, 35, 12, 10751, 878]",img_movies/vvsivwSxVJbGDG9T3XDGzJ36zst.jpg
615774,Scooby-Doo! Regreso a la Isla Zombie,"[14, 16, 10751, 12, 35, 9648, 27]",img_movies/aYW3xZ2TvVn5CDp3Knc5cHyA5is.jpg
9948,Tod y Toby 2,"[12, 16, 35, 10751]",img_movies/pqPdNJG8XC7cklobrB5pk8ML1Ij.jpg
213729,Zameer,"[10751, 18, 28]",img_movies/mazm9iTC4i2idkjBW3XUBYDZs0p.jpg
366672,Un héroe samurai: La leyenda de Hank,"[16, 12, 35, 10751]",img_movies/dcccakIsT9rBE3EH1f38JMqtgYw.jpg
668482,Matilda de Roald Dahl: El musical,"[10751, 35, 14]",img_movies/7iUkSvlCnYdyl9tSKexwHK9Mo8p.jpg
12902,Scooby-Doo y el monstruo del lago Ness,"[10751, 12, 16, 35, 14, 9648]",img_movies/xOfR8r6J5wFhuXPly16CVPWONV2.jpg
53605,Plop in de Wolken,"[10751, 12, 35]",img_movies/fnCbrPbjs6CUjYIsfyEbU3RSaCb.jpg
155189,Musical: Robin Hood,"[10402, 10751]",img_movies/85eNcXgLlCMnMqMJgot2nrpRUF9.jpg
23398,Alvin y las ardillas 2,"[35, 10751, 16, 14, 10402]",img_movies/8OMxfeZq7TtoRoHaQVaNaq9FqOu.jpg
676701,Tadeo Jones 3: La Tabla Esmeralda,"[16, 12, 10751, 35, 14]",img_movies/sK5e1HbxVbvzUuobpVWtaItRSSJ.jpg
21385,"Mickey, Donald y Goofy: Los tres mosqueteros","[12, 16, 35, 10751]",img_movies/5Ksryc9HHjSikRJNaX4LvBThROS.jpg
10601,Peter Pan: La gran aventura,"[12, 14, 10751]",img_movies/xtJoP8pppOqT4rECg3E8VkvFkCj.jpg
87313,Y el amor llegó en Navidad,"[18, 10749, 37, 10751, 10770]",img_movies/jYqWZG3f5FRy8oUwZYOn77h9I59.jpg
534344,Todo por Grace,"[10751, 10749]",img_movies/9FfDRd2JINlcEHTGlo365rHWcIH.jpg
331600,Bićemo prvaci sveta,"[10751, 18, 36]",img_movies/3ZIdX1aANmIPpkoGKP1cEEPmmBd.jpg
60307,El diario de Greg 2: La ley de Rodrick,"[10751, 35]",img_movies/jETOdxytC3YmZ6jdMeXR0KD65xy.jpg
91342,Barbie en Una aventura de sirenas 2,"[16, 10751]",img_movies/tfDohxpz9AndhXduD2GpHj95teu.jpg
9904,Salvaje (The Wild),"[10751, 16]",img_movies/muDdhFdx4qZvqmO3DjIPaBR3qRW.jpg
25913,Balto 2: Aventura en la tierra de hielo,"[10751, 16, 12]",img_movies/2wSC82VnkZ2MhvfUWrkxDWr0csc.jpg
10837,Patoaventuras: La película - El tesoro de la lámpara perdida,"[12, 16, 10751, 35, 14]",img_movies/yvxrhXcYmxKaJkOACjO3kqK9HU6.jpg
21533,El viaje del Unicornio,"[12, 14, 10770, 28, 10751]",img_movies/vhRO0oqfezZXXM57jK9CDEONRVx.jpg
455546,Una historia de sirenas,[10751],img_movies/4m6MJnH7EdwQ6Tcli8pI8YgQscT.jpg
806058,The Fight for the Fox Box,"[16, 10751, 10770]",img_movies/nzhLoNlJOpOd3jkhHnFt0IGn7eY.jpg
258230,Un monstruo viene a verme,"[14, 12, 10751]",img_movies/bBPDstXaaQAGueDMVTS29vhHLfs.jpg
19026,Azur y Asmar,"[16, 10751]",img_movies/bAyLfVoLLXYuOTJmf6yOF9j1mUr.jpg
13700,Zafarrancho en el rancho,"[16, 10751]",img_movies/p6xPtCH7Bph1PStv9AjTgikspEA.jpg
137116,Los Pitufos: La aldea escondida,"[10751, 35, 12, 16]",img_movies/zqXn3gaMBNHNK7YHdYNidwWrJoT.jpg
431693,Espías con disfraz,"[16, 28, 12, 35, 10751]",img_movies/j2xcicPNXzNex47EYOfw45Dl1o0.jpg
289520,Perfect on Paper,"[35, 10749, 10751, 10770]",img_movies/owJbhX0kevW6Qcc1ZhvZSNxNPAD.jpg
1189423,The Sloth Lane,"[16, 10751]",img_movies/8NpFJjMR27jlV3BZhdZ4NtbGXp2.jpg
1231574,Mi querida oni,"[16, 14, 12, 10751]",img_movies/epK6j9geWlba2zrxT1O8RWGyEBO.jpg
11451,Herbie: A tope,"[35, 10751, 12, 14, 10749]",img_movies/6sqdjzRyvn2MeFlsjxJTAxIaoLj.jpg
324636,The Piper's Tune,[10751],img_movies/bBCDneT7Pl7X5jgqM6AX7XmPr65.jpg
125244,El señor sapo,"[16, 10751]",img_movies/zMRokrWAWccuqgDCNvQoKJEPHlS.jpg
133012,Os Trapalhões e a Árvore da Juventude,"[12, 35, 10751]",img_movies/gJtL538F4brfsSOrbxAAiRRBQqH.jpg
5123,August Rush: El triunfo de un sueño,"[10751, 18, 10402]",img_movies/jOhfqgseHk1bjHu5YjtGlIbsKJA.jpg
1221404,クレヨンしんちゃん オラたちの恐竜日記,"[16, 12, 35, 10751]",img_movies/bB2errIvjMAX6SyxiioRfkHjlwt.jpg
9836,Happy Feet: Rompiendo el hielo,"[16, 35, 10751]",img_movies/r6BZdJ8EgT956qyJnPksFuiZ4Xb.jpg
662708,La película Pokémon: Los secretos de la selva,"[16, 12, 10751, 14]",img_movies/r6FMNFl4mAnwFC5vgAGi2acmQlC.jpg
47480,El niño león,"[12, 10751]",img_movies/6oDnWf9SRhey6iNRRar9BS0QTEa.jpg
23903,Jorge el curioso 2: ¡Sigan a ese mono!,"[16, 10751]",img_movies/1jkSEqOvp3CnA3UzWrT56cu7yLR.jpg
406997,Wonder,"[10751, 18]",img_movies/wowB0C4S5KX5SNbhGMkbZZEOqCR.jpg
322964,The Clue of the Missing Ape,[10751],img_movies/a1lqNlXitefgyPKkQazm26I26XF.jpg
308531,Ninja Turtles: Fuera de las sombras,"[28, 12, 35, 10751, 878]",img_movies/t24yGNL0aLFFfN9X3TkoV1sCSAA.jpg
81332,Un beso inolvidable,"[10770, 10749, 10751, 18]",img_movies/ecgrk0VsqzMMTUg5VsfqJADgaeM.jpg
530,Wallace y Gromit: La gran excursión,"[10751, 16, 35, 878, 14]",img_movies/tSATysMjCt08TNVu6afSZhJWYA7.jpg
770156,Un ángel en nuestras vidas,"[18, 10751]",img_movies/yfnJ5qIYx7q33fY4jqv9Pu95RSg.jpg
10957,Taron y el caldero mágico,"[16, 28, 12, 10751, 14]",img_movies/h25djWDLb5ZtfFNBEpNDmRLOr2g.jpg
10865,Atlantis: El imperio perdido,"[16, 10751, 12, 878]",img_movies/uR7AKWMDTwyAub5r4QoPPiJImvx.jpg
98419,Una noche en el castillo mágico,"[14, 10751]",img_movies/lKwYu6I25g5ifR8JbxKPlO82Eby.jpg
587370,Pohádky po babičce,"[16, 18, 10751, 14]",img_movies/6LZJKktqh9jTL27vMU6oxzdvB3W.jpg
110420,Los niños lobo,"[16, 10751, 18, 14]",img_movies/ixTNHHU8Wx0F8V4NzGJaiRcl18F.jpg
43392,The Jackie Robinson Story,"[18, 10751]",img_movies/cx13WcbLX3dU7Lo6ZcVwygQpdtO.jpg
19186,Tú a Boston y yo a California,"[35, 10751, 10749]",img_movies/8kdwj24A220LMHO1PXRGSpUK8vz.jpg
11528,Historia de un verano,"[10751, 35]",img_movies/dpimdVQRGJp6lv9fNACxCrhKXGY.jpg
1030587,映画ドラえもん のび太と空の理想郷,"[16, 12, 878, 10751]",img_movies/guyQgRlKcsb7fdBv5UJRnPB4fsn.jpg
10054,Spy Kids,"[10751, 28, 35, 12, 878]",img_movies/jWIsfU9NXiOBsGy0WUx8T3Kiaw.jpg
15969,El retorno de Jafar,"[10751, 12, 16, 10749]",img_movies/dpnjhDsWimMUOMsuz2AVsqeU9vL.jpg
173214,Tainá 3: A Origem,"[12, 10751]",img_movies/rl4PLInhMLGxRS8sjYQhmnteU71.jpg
2395,Astérix en los Juegos Olímpicos,"[14, 12, 35, 10751]",img_movies/gSA4pkT2h2bgrbwiOBWhXx6gctL.jpg
175112,Campanilla: Hadas y piratas,"[16, 10751]",img_movies/7Jrap24Ki03bC39hbfyebw3xDul.jpg
148656,El encanto de la dama gris,"[10770, 10751, 14]",img_movies/yXdG4mMNqUwurLgOfNzEdDsyyGO.jpg
858918,One Summer,"[10770, 18, 10751, 10749]",img_movies/yRjSB2Uq3EwGn2ej0I8H78hWaCy.jpg
13399,Robbie the Reindeer: Hooves of Fire,"[16, 35, 10751, 10770]",img_movies/r0xVWX3pNNscD9YMn0qXBMl11wl.jpg
1156621,Ninja Turtles: Caos Mutante 2,"[28, 12, 16, 35, 10751]",img_movies/vRb1mNbvriiaYUAsjACyVMP3GAG.jpg
455842,Elliot the Littlest Reindeer,"[16, 10751, 12]",img_movies/3CwWjknwfjE1FndfvLFmx1Q4IMd.jpg
79707,Viaje a Agartha,"[16, 12, 14, 10751]",img_movies/aWwGofN99kd8g1MUza39sI72upj.jpg
38223,Harriet la espía,"[35, 18, 10751]",img_movies/spTUUMgIVm4gOdWL35IoYWEuZQl.jpg
23566,Barbie y Las tres mosqueteras,"[16, 10751]",img_movies/xhXP2Yf6zKdnmbY4bLFeRUd7csY.jpg
1140521,The Magic Faraway Tree,"[10751, 14, 12]",img_movies/oH0pSSQvzEKcaY7P2Kb2AAULp8W.jpg
352088,Bending the Light,"[99, 10751]",img_movies/uYuoygBi30T8o4jB3zikRhgbAUr.jpg
360814,Dangal,"[18, 10751, 35]",img_movies/cJRPOLEexI7qp2DKtFfCh7YaaUG.jpg
342473,Ballerina,"[16, 12, 35, 10751]",img_movies/oHqHeJRE7NSK7qHeV48phbuDTe6.jpg
18198,Barbie: Mariposa y sus amigas las hadas,"[16, 14, 10751]",img_movies/qMH3FpLDKbzFngxN1aVth3srgdO.jpg
69717,Vivir para siempre,"[18, 10751]",img_movies/r67zqvApafOJ36aFp9bYeIEyOSt.jpg
13493,Loco viaje al campus,"[35, 10751, 28, 12]",img_movies/jkk0xchNfaPlNp0ScfT3tTM6GYX.jpg
11283,La niñera mágica,"[14, 35, 10751]",img_movies/65oeFSIfvSuNi2g28slZaFJ8L86.jpg
9986,La telaraña de Carlota,"[35, 10751, 14]",img_movies/zI6O0Bf3BB3eSxp04Lkz0ficrvm.jpg
242828,El recuerdo de Marnie,"[16, 18, 10751, 9648]",img_movies/yeB3UCvjRsKTuDs6iTS7u9HYpJ2.jpg
276938,Punjab 1984,"[18, 10751, 36]",img_movies/qjBYrBWnUiUiYCuNeCh8qkSvALw.jpg
15165,Barbie en La princesa y la costurera,"[16, 10751, 35]",img_movies/2X6kRYytvhEwuS2ukHwVvIN7eVc.jpg
1010820,Una noche movidita,"[16, 10751, 35, 878]",img_movies/346OtqNzFZTBzA9ak6hPsDx3NFd.jpg
39345,Casper y la mágica Wendy,"[10751, 14, 35, 10770]",img_movies/gWfgCUHkJ4lOHJXp6gdC0pnd9uB.jpg
610045,Norma del norte: Vacaciones familiares,"[16, 35, 10751]",img_movies/ohWU8bPbAK5WEAboIabivld9Hyw.jpg
430447,Mary y la flor de la Bruja,"[12, 16, 10751, 14]",img_movies/l6deONFMWgWQhybV6ipGts5lgk5.jpg
82881,Enredados para siempre,"[16, 35, 28, 10751]",img_movies/iGwR2zXocHKYAU1IppE4jCURzO6.jpg
382748,Stargirl,"[35, 18, 10749, 10751]",img_movies/gwsrtzSrr7G6xjxsa7IwaAMHpEF.jpg
1532577,When It Rained Malunggay Leaves,"[18, 10751]",img_movies/k5H1llrC2jxufYmsE2v5M9QOpUt.jpg
36301,The Tangerine Bear: Home in Time for Christmas!,"[16, 10751]",img_movies/8KJVFHmGBkiqPpa13WR3BZfeYJW.jpg
903676,The Chronicles of Narnia: The Silver Chair,"[14, 12, 10751, 10770]",img_movies/jwkHKgEvOPMJHVl26I9lyMK2Hb5.jpg
8856,"Karate Kid II, la historia continúa","[12, 18, 28, 10749, 10751]",img_movies/fOfjKdFdzDbbArgxk1sOLpQ211g.jpg
439058,¡Hey Arnold! Una peli en la jungla,"[10751, 35, 16, 12, 10770, 14]",img_movies/fVLwKs8hY3gNw1EZa9hzAl8e2R6.jpg
32834,¡Cómo mola ser mono!,"[35, 10751]",img_movies/zNGy1GFzqoYlnukdQ2Vw6RKMpAQ.jpg
1249923,LasseMajas detektivbyrå - Maskoten som försvann,"[12, 10751, 9648, 35]",img_movies/iEkLJv1Vy0PISBUHrLNpsITbpQ0.jpg
643215,Astérix y Obélix: El reino medio,"[10751, 35, 12]",img_movies/gQy5hTqiioNHe85RuPcMyaio9Sp.jpg
13517,El patito feo y yo,"[10751, 16, 35]",img_movies/uHAp3JXW4wRsjskTP2UEU8ZH5f6.jpg
2605,Cortocircuito,"[878, 35, 10751]",img_movies/kuCVtkWApDxOTsEyMeCWonEt7qI.jpg
11212,El peque se va de marcha,"[35, 12, 10751, 80, 18]",img_movies/bxGoMGwxXyixPq9nBM5R6WRYElM.jpg
22752,El dragón chiflado,"[16, 10751, 35]",img_movies/yZ8buDFOCltTfD9TwKmVYIc5V95.jpg
39180,Spot,"[10751, 35, 28, 80]",img_movies/29iKqRGRcNqhrT710ohxVq5WwcE.jpg
116174,Dařbuján a Pandrhola,"[10751, 14]",img_movies/eLY0zSmvKimd9vbM0Cq7aCnfc0n.jpg
586352,Vampiro al rescate,"[16, 35, 12, 14, 10749, 10751]",img_movies/95ThvrSsbFiuEkt4B6PSfzSwZVb.jpg
1245399,"¡Hola, Frida!","[16, 10751, 36]",img_movies/nbGkOwaxnqINpbNVkLw0QnIx5DV.jpg
15167,Barbie en El cascanueces,"[16, 10751]",img_movies/3M5fjV6Pze7zC6suGQAG2MWI2fk.jpg
1033787,Mission Sleeping Beauty,"[16, 12, 35, 10751, 14]",img_movies/kpFXJH3ziHrm67q5L4IIyCKrJF8.jpg
170687,Los Boxtrolls,"[16, 35, 10751, 14]",img_movies/tFElyskZdLHcFaIhesNEPtqKSBd.jpg
2698,Sigo como Dios,"[14, 35, 10751]",img_movies/u7P8kuz2Zk1eVFjF9kgj5NygKsG.jpg
50708,El viento en los sauces,"[16, 10751, 35]",img_movies/cbyKD4muUXixILFtQdBVu7BtWXH.jpg
1310741,1 Kakak 7 Ponakan,"[18, 10751]",img_movies/xBOrUqfMyCEdfz0B6OaOs8RwAbb.jpg
506574,Los descendientes 3,"[10751, 10770, 12, 14]",img_movies/iQICsH7ckxRExHu0fvPrsczpKJu.jpg
1457847,Sangre de cholo,"[80, 18, 10751]",img_movies/ypNoKbFbTP8uP4ijCi4y2AkTdpK.jpg
1401586,Sonic 4: La película,"[28, 12, 35, 10751, 878]",img_movies/t8uoHBODkFlSQJRL6qc4IclUBlH.jpg
10501,La ruta hacia El Dorado,"[10751, 12, 16, 35, 80, 14]",img_movies/yI7KqevlFBOJDpXFTZa0swDQZLU.jpg
499088,La abeja Maya: Los juegos de la miel,"[35, 10751, 16, 12]",img_movies/ctC40TabH9GwqBXpEgBeJXs9Dzl.jpg
119892,El rey Mono,"[28, 12, 10751, 14]",img_movies/j1QQuO0QF0K895YO4KuFpW9xZW3.jpg
7443,Chicken Run: Evasión en la granja,"[16, 35, 10751]",img_movies/4Enrlqg9FMirWTIHKHexfJd4hdv.jpg
1076364,La cita de Carl,"[16, 12, 10751, 35]",img_movies/ow1znpLHXVdkw7QrBoZjumJWmdT.jpg
406566,The Magnificent Six and ½: A Good Deed in Time,[10751],img_movies/yRInSqrqhHQcWZwRvwzjpiB0FSX.jpg
1010705,The Great Wolf Pack: A Call to Adventure,"[12, 16, 35, 10751, 14]",img_movies/7CssoRj5MYnFtNVdNWDZnYNwnxp.jpg
145931,Límite Mil Millones de Dólares,"[16, 28, 12, 10751, 14, 878]",img_movies/4fVcAw27D1ALr3zBIkQTnJH949H.jpg
308686,"Signed, Sealed, Delivered for Christmas","[10751, 10770]",img_movies/yoMg33yFaBs7JYt2pPAoe0E6q0Z.jpg
50359,Hop,"[16, 35, 10751]",img_movies/oY6BhCR0YmVlnkcWkn28D45UYXp.jpg
1031827,El maravilloso otoño de Mickey Mouse,"[16, 10751, 12]",img_movies/gs6ThYGiF3CVygEEOw6WPPWQQEq.jpg
309194,Los rugrats: blancanieves,"[16, 10751, 14, 12]",img_movies/sKMI71uLskHK9t4gVkt2jHSaTKX.jpg
1585,¡Qué bello es vivir!,"[18, 10751, 14]",img_movies/63W4MsB8e5whhPNyxhRVTzSsCje.jpg
1114569,A Carpenter's Prayer,"[18, 10751]",img_movies/uFZfqW7vrI0CdJl8C9U4wRORDM3.jpg
269509,El fantasma de Canterville,"[16, 35, 10751, 14]",img_movies/t5W2bFfkXfNx5s1gjTunQWvG9xB.jpg
818370,El princesito(a),"[10751, 18]",img_movies/4O65UNeSnWqRcuTUFcy75PluCzz.jpg
11425,"Cariño, nos hemos encogido a nosotros mismos","[12, 35, 10751, 878]",img_movies/uvdReiiVgZldahwwoTVLQhpbuEr.jpg
693089,Polly Pocket: Polly World,"[16, 10751]",img_movies/xDYxiyiaqSNh4s3uxHlyMPRBH4R.jpg
853812,Olympians at Heart,[10751],img_movies/4OtzU8dokHel24Oaht3LGTxJ7xi.jpg
1499,Tortugas Ninja III,"[28, 12, 35, 10751, 14, 878]",img_movies/quB2uGN5VzhP7VZnarnMtJB8Qdi.jpg
26736,Los magos de Waverly Place: Vacaciones en el Caribe,"[10751, 10770, 12, 35, 14, 28, 18]",img_movies/5aCizetfljyF2iMyrTPSAWpU6iM.jpg
592834,Juego de espías,"[10751, 28, 35]",img_movies/sDLMU7Hdb8GI4mN3JHtPfIs4wD6.jpg
2383,El oso,"[12, 18, 10751]",img_movies/tTMTM2O5ER990sDPB8TGlM3TDyZ.jpg
500341,మనసుకు నచ్చింది,"[28, 10749, 10751]",img_movies/m8FbBoHn1s654SdMBPhx08o7gMg.jpg
475215,"Mirai, mi hermana pequeña","[16, 10751, 14, 12, 18]",img_movies/raj0bsOIqyp3lCyMhXKWZ6Z5SN.jpg
748897,A Royal Christmas Engagement,"[10751, 10749, 10770]",img_movies/xQhIhzrw3vzqqZJiOJ0UASjX78p.jpg
137227,Doraemon y la revolución de los robots,"[16, 12, 10751, 878]",img_movies/2Z0p39LPrDKcDS5Ezn2WtbBPfDF.jpg
13285,Barbie Fairytopía: Mermaidia,"[16, 10751, 12, 14]",img_movies/uBCvRThFwjvwNQeS3Vy7xMPc0Rh.jpg
10495,Karate Kid III. El desafío final,"[28, 10751, 18, 12]",img_movies/1vpDcoILmWHuqd2HNFMncSEuIyV.jpg
521034,El jardín secreto,"[10751, 14, 18]",img_movies/figneljeYCOBLAyyi1odZxz8h5g.jpg
1389038,Mickey y un montón de navidades,"[16, 12, 35, 10751]",img_movies/zslFgf528nZJhiBXGfSmv5aUd9K.jpg
876487,Junkyard Dogs,"[10751, 35]",img_movies/7dy7qz736fvx3KBECpNKZNP6sRC.jpg
13002,Barbie en Las 12 princesas bailarinas,"[16, 10751]",img_movies/areWNqaBEcY9Sx2iO9XCV2RvUaD.jpg
10501,La ruta hacia El Dorado,"[10751, 12, 16, 35, 14]",img_movies/yI7KqevlFBOJDpXFTZa0swDQZLU.jpg
570445,La isla misteriosa,"[16, 12, 10751]",img_movies/2jv8upBHaq0Fi61PZvTbw53jEpy.jpg
10137,Stuart Little,"[10751, 14, 35, 12]",img_movies/wFcrKqCdQRQxZCkBILhX949lXo2.jpg
3050,Dr. Dolittle,"[35, 10751, 14]",img_movies/tLrchGMIkdo1KamQJA6fwvDQEy0.jpg
195656,"La familia bien, gracias","[10751, 18, 35]",img_movies/Ajaq5YOvqEV1CaqmtadRPHjoLuc.jpg
8965,Atlantis: El regreso de Milo,"[14, 16, 878, 10751, 28]",img_movies/cGL75ElUUClVs8kpXbVcaUxmgbd.jpg
1170966,The Great Turkey Town Miracle,[10751],img_movies/zWBWN84pFibFAe9w0ePpOx8QYQb.jpg
382581,Monster High: Un viaje la mar de monstruoso,"[10751, 16]",img_movies/iaMOSySHSfwZwMUQ9URqpaWoBUD.jpg
